,name,given_name,surname,pseudonym,country,sex,victims_proven,victims_suspected,years_active,active_from,active_to,country_lat,country_long,bio
0,Abdallah al-Hubal,Abdallah,al-Hubal,,Yemen,male,12.0,,1990–1998,1990.0,1998.0,15.552726999999999,48.516388,['https://en.wikipedia.org/wiki/Abdallah_al-Hubal']
1,Abdelali Amer,Abdelali,Amer,Boussemma,Morocco,male,14.0,,2004–2005,2004.0,2005.0,31.791702,-7.092619999999998,['https://murderpedia.org/male.A/a/amer-abdelali.htm']
2,Abraão José Bueno,Abraão,José Bueno,,Brazil,male,4.0,,2005,2005.0,2005.0,-14.235004,-51.92528,['https://en.wikipedia.org/wiki/Abra%C3%A3o_Jos%C3%A9_Bueno']
3,Abul Djabar,Abul,Djabar,,Afghanistan,male,65.0,300,1960s–1970,,1970.0,33.93911,67.709953,['https://murderpedia.org/male.D/d/djabar-abul.htm']
4,Adnan Çolak,Adnan,Çolak,Monster von Artvin,Turkey,male,11.0,,1992–1995,1992.0,1995.0,38.963745,35.243322,['https://en.wikipedia.org/wiki/Adnan_%C3%87olak']
5,Adolf Seefeldt,Adolf,Seefeldt,"Sandmann, Onkel Tick Tack",Germany,male,12.0,,1895–1935,1895.0,1935.0,51.165690999999995,10.451526,['https://en.wikipedia.org/wiki/Adolf_Seefeldt']
6,Adolfo de Jesús Constanzo,Adolfo,de Jesús Constanzo,,Mexico,male,16.0,16+,1986–1989,1986.0,1989.0,23.634501,-102.552784,['https://en.wikipedia.org/wiki/Adolfo_Constanzo']
7,Ahmad Suradji,Ahmad,Suradji,"Nasib Kelewang, Datuk Maringgi",Indonesia,male,42.0,,1986–1997,1986.0,1997.0,-0.789275,113.921327,['https://en.wikipedia.org/wiki/Ahmad_Suradji']
8,Aileen Carol Wuornos,Aileen,Carol Wuornos,,United States,female,7.0,,1989–1990,1989.0,1990.0,37.09024,-95.712891,['https://en.wikipedia.org/wiki/Aileen_Wuornos']
9,Aino Nykopp-Koski,Aino,Nykopp-Koski,,Finland,female,5.0,,2004–2009,2004.0,2009.0,61.92410999999999,25.7481511,Missing Data
10,Albert Edwards Burrows,Albert,Edwards Burrows,,United Kingdom,male,4.0,,1920–1923,1920.0,1923.0,55.378051,-3.435973,['https://murderpedia.org/male.B/b/burrows-albert.htm']
11,Albert Fish,Albert,Fish,,United States,male,3.0,16,1910–1934,1910.0,1934.0,37.09024,-95.712891,['https://en.wikipedia.org/wiki/Albert_Fish']
12,Albert Henry DeSalvo,Albert,Henry DeSalvo,The Boston Strangler,United States,male,13.0,,1962–1964,1962.0,1964.0,37.09024,-95.712891,['https://www.biography.com/crime-figure/albert-de-salvo']
13,Alexander Jurjewitsch Pitschuschkin,Alexander,Jurjewitsch Pitschuschkin,"Schachbrettmörder, Der Irre vom Bitza-Park",Russia,male,48.0,63,1992–2006,1992.0,2006.0,61.52401,105.31875600000001,Missing Data
14,Alexander Nikolajewitsch Spessiwzew,Alexander,Nikolajewitsch Spessiwzew,"Sibirischer Tiger, Sascha",Russia,male,19.0,,1991–1996,1991.0,1996.0,61.52401,105.31875600000001,['https://en.wikipedia.org/wiki/Alexander_Spesivtsev']
15,Alexander Pearce,Alexander,Pearce,,Australia,male,4.0,,1822–1823,1822.0,1823.0,-25.274398,133.775136,['https://en.wikipedia.org/wiki/Alexander_Pearce']
16,Alfred Engleder,Alfred,Engleder,Bestie von Sierning,Austria,male,2.0,,1951–1957,1951.0,1957.0,47.516231,14.550072,['https://en.wikipedia.org/wiki/Alfred_Engleder']
17,Allan Legere,Allan,Legere,Monster of the Miramichi,Canada,male,5.0,6,1989–1991,1989.0,1991.0,56.130366,-106.34677099999999,['https://en.wikipedia.org/wiki/Allan_Legere']
18,Allen Leroy Anderson,Allen,Leroy Anderson,,United States,male,8.0,8+,1976,1976.0,1976.0,37.09024,-95.712891,['https://murderpedia.org/male.A/a/anderson-allen.htm']
19,Altemio Sanchez,Altemio,Sanchez,Bike Path Rapist,United States,male,3.0,,1975–2008,1975.0,2008.0,37.09024,-95.712891,['https://en.wikipedia.org/wiki/Altemio_Sanchez']
20,Alton Coleman,Alton,Coleman,,United States,male,8.0,,1984,1984.0,1984.0,37.09024,-95.712891,['https://en.wikipedia.org/wiki/Alton_Coleman']
21,Amelia Elizabeth Dyer,Amelia,Elizabeth Dyer,The Reading Baby Farmer,United Kingdom,female,6.0,100+,1880–1897,1880.0,1897.0,55.378051,-3.435973,['https://en.wikipedia.org/wiki/Amelia_Dyer']
22,Amy Archer-Gilligan,Amy,Archer-Gilligan,,United States,female,1.0,48,1910–1917,1910.0,1917.0,37.09024,-95.712891,['https://murderpedia.org/female.A/a/archer-gilligan.htm']
23,Anatoli Jemeljanowitsch Sliwko,Anatoli,Jemeljanowitsch Sliwko,,Sowjet Union,male,7.0,,1964–1985,1964.0,1985.0,,,['https://de.wikipedia.org/wiki/Anatoli_Jemeljanowitsch_Sliwko']
24,Anatolij Onoprijenko,Anatolij,Onoprijenko,Terminator von Tschernobyl,,male,52.0,,1989–1996,1989.0,1996.0,36.524606,-95.0294497,['https://pl.wikipedia.org/wiki/Anatolij_Onoprijenko']
25,András Pándy,András,Pándy,Father Bluebeard,Belgium,male,6.0,19,1986–1990,1986.0,1990.0,50.503887,4.469936,['https://murderpedia.org/male.P/p/pandy-andras.htm']
26,Andre Alexander,Andre,Alexander,,United States,male,4.0,,1978–1980,1978.0,1980.0,37.09024,-95.712891,['https://en.wikipedia.org/wiki/Andre_Alexander']
27,André Luiz Cassimiro,André,Luiz Cassimiro,Würger von Juiz de Fora,Brazil,male,5.0,,?–1996,,1996.0,-14.235004,-51.92528,['https://murderpedia.org/male.C/c/cassimiro-andre.htm']
28,Andreas Bichel,Andreas,Bichel,,Germany,male,5.0,,1806–1808,1806.0,1808.0,51.165690999999995,10.451526,['https://murderpedia.org/male.B/b/bichel-andreas.htm']
29,Andrei Romanowitsch Tschikatilo,Andrei,Romanowitsch Tschikatilo,Der Ripper von Rostow,Sowjet Union,male,53.0,56,1978–1990,1978.0,1990.0,,,['https://en.wikipedia.org/wiki/Andrei_Chikatilo']
30,Andrew Phillip Cunanan,Andrew,Phillip Cunanan,,United States,male,5.0,,1997,1997.0,1997.0,37.09024,-95.712891,['https://en.wikipedia.org/wiki/Andrew_Cunanan']
31,Andrew Urdiales,Andrew,Urdiales,,United States,male,8.0,,1986–1996,1986.0,1996.0,37.09024,-95.712891,['https://en.wikipedia.org/wiki/Andrew_Urdiales']
32,Angel Maturino Resendez,Angel,Maturino Resendez,The Railroad Killer,United States,male,9.0,24,1997–1999,1997.0,1999.0,37.09024,-95.712891,Missing Data
33,Angela Jane Johnson,Angela,Jane Johnson,,United States,female,5.0,,1993,1993.0,1993.0,37.09024,-95.712891,['https://murderpedia.org/female.J/j/johnson-angela.htm']
34,Angelo Colalillo,Angelo,Colalillo,,Canada,male,3.0,,1993–2002,1993.0,2002.0,56.130366,-106.34677099999999,['https://murderpedia.org/male.C/c/colalillo-angel.htm']
35,Anjette Donovan Lyles,Anjette,Donovan Lyles,,United States,female,4.0,,1952–1958,1952.0,1958.0,37.09024,-95.712891,['https://murderpedia.org/female.L/l/lyles-anjette.htm']
36,Anna Cunningham,Anna,Cunningham,,United States,female,5.0,,1918–1922,1918.0,1922.0,37.09024,-95.712891,['https://www.famousbirthdays.com/people/anna-cunningham.html']
37,Anna Margaretha Zwanziger,Anna,Margaretha Zwanziger,,Germany,female,3.0,,1808–1809,1808.0,1809.0,51.165690999999995,10.451526,['https://en.wikipedia.org/wiki/Anna_Maria_Zwanziger']
38,Anna Marie Hahn,Anna,Marie Hahn,"Arsenic Anna, Blonde Borgia",United States,female,4.0,5,1932–1937,1932.0,1937.0,37.09024,-95.712891,['https://en.wikipedia.org/wiki/Anna_Marie_Hahn']
39,Anthony Balaam,Anthony,Balaam,The Trenton Stangler,United States,male,4.0,,1994–1995,1994.0,1995.0,37.09024,-95.712891,['https://en.wikipedia.org/wiki/Anthony_Balaam']
40,Anthony John Hardy,Anthony,John Hardy,The Camden Ripper,United Kingdom,male,3.0,5,2000–2002,2000.0,2002.0,55.378051,-3.435973,['https://en.wikipedia.org/wiki/Anthony_Hardy']
41,Anthony Sowell,Anthony,Sowell,The Imperial Avenue Murderer,United States,male,11.0,,2007–2009,2007.0,2009.0,37.09024,-95.712891,['https://www.famousbirthdays.com/people/anthony-sowell.html']
42,Antoinette Scieri,Antoinette,Scieri,,France,female,12.0,,1924–1926,1924.0,1926.0,46.227638,2.213749,['https://en.wikipedia.org/wiki/Antoinette_Scieri']
43,Antone Charles Costa,Antone,Charles Costa,"Cape Cod Vampire, Provincetown Vampire",United States,male,4.0,,1966–1969[136],1966.0,1966.0,37.09024,-95.712891,['https://murderpedia.org/male.C/c/costa-antone-charles.htm']
44,António Luís Costa,António,Luís Costa,,Portugal,male,3.0,,2005–2006,2005.0,2006.0,39.39987199999999,-8.224454,['https://murderpedia.org/male.C/c/costa-antonio-luis.htm']
45,Antonis Daglis,Antonis,Daglis,The Athens Ripper,Greece,male,3.0,,1992–1995,1992.0,1995.0,39.074208,21.824312,Missing Data
46,Antti Olavi Taskinen,Antti,Olavi Taskinen,,Finland,male,3.0,,1996–2005,1996.0,2005.0,61.92410999999999,25.7481511,Missing Data
47,Arnfinn Nesset,Arnfinn,Nesset,,Norway,male,22.0,27,1977–1981,1977.0,1981.0,60.47202399999999,8.468945999999999,Missing Data
48,Arthur Gary Bishop,Arthur,Gary Bishop,,United States,male,5.0,,1979–1983,1979.0,1983.0,37.09024,-95.712891,['https://en.wikipedia.org/wiki/Arthur_Gary_Bishop']
49,Arthur Gatter,Arthur,Gatter,Hammermörder von Frankfurt,Germany,male,8.0,,1990,1990.0,1990.0,51.165690999999995,10.451526,['https://en.wikipedia.org/wiki/Arthur_Gatter']
50,Arthur John Shawcross,Arthur,John Shawcross,The Genesee River Killer,United States,male,13.0,,1972–1990,1972.0,1990.0,37.09024,-95.712891,['https://www.biography.com/crime-figure/arthur-shawcross']
51,Arwed Imiela,Arwed,Imiela,Blaubart von Fehmarn,Germany,male,4.0,,?–1973,,1973.0,51.165690999999995,10.451526,['https://de.wikipedia.org/wiki/Arwed_Imiela']
52,Asanda Baninzi,Asanda,Baninzi,,South Africa,male,18.0,,2001,2001.0,2001.0,-30.559482,22.937506,['https://murderpedia.org/male.B/b/baninzi-asanda.htm']
53,Asghar-e Ghatel,Asghar-e,Ghatel,Asghar der Mörder,Iran,male,33.0,,1907–1933,1907.0,1933.0,32.427908,53.68804599999999,['https://en.wikipedia.org/wiki/Asghar_the_Murderer']
54,Baekuni,Baekuni,,Babe,Indonesia,male,4.0,14,1993–2010,1993.0,2010.0,-0.789275,113.921327,['https://www.howold.co/person/baekuni']
55,Bai Baoshan,Bai,Baoshan,,China,male,15.0,,1980–1997,1980.0,1997.0,35.86166,104.195397,['https://murderpedia.org/male.B/b/baoshan-bai.htm']
56,Béla Kiss,Béla,Kiss,,Hungary,male,23.0,,1912–1916,1912.0,1916.0,47.162494,19.5033041,['https://en.wikipedia.org/wiki/B%C3%A9la_Kiss']
57,Belle Sorenson Gunness,Belle,Sorenson Gunness,"Lady Bluebeard, The Notorious Black Widow",United States,female,20.0,40,1900–1908,1900.0,1908.0,37.09024,-95.712891,['https://www.thefamouspeople.com/profiles/belle-gunness-36384.php']
58,Beltrán Dalay Cortes Carvajal,Beltrán,Dalay Cortes Carvajal,,Costa Rica,male,4.0,,1934–1938,1934.0,1938.0,9.748917,-83.753428,['https://en.wikipedia.org/wiki/Beltr%C3%A1n_Cort%C3%A9s']
59,Benjamin Tony Atkins,Benjamin,Tony Atkins,Woodward Corridor Killer,United States,male,11.0,,1991–1992,1991.0,1992.0,37.09024,-95.712891,['https://murderpedia.org/male.A/a/atkins-benjamin.htm']
60,Bernard Eugene Giles,Bernard,Eugene Giles,,United States,male,5.0,,1973,1973.0,1973.0,37.09024,-95.712891,['https://murderpedia.org/male.G/g/giles-bernard-eugene.htm']
61,Bernhard Prigan,Bernhard,Prigan,Der Würger; Autobahnmörder,Germany,male,4.0,,1947–1952,1947.0,1952.0,51.165690999999995,10.451526,['https://en.wikipedia.org/wiki/Bernhard_Prigan']
62,Bertha Gifford,Bertha,Gifford,,United States,female,3.0,17+,1909–1928,1909.0,1928.0,37.09024,-95.712891,['https://murderpedia.org/female.G/g/gifford-bertha.htm']
63,Beverly Gail Allitt,Beverly,Gail Allitt,Angel of Death,United Kingdom,female,4.0,,1991,1991.0,1991.0,55.378051,-3.435973,['https://en.wikipedia.org/wiki/Beverley_Allitt']
64,Billy Lee Chadd,Billy,Lee Chadd,,United States,male,3.0,,1976–1984,1976.0,1984.0,37.09024,-95.712891,['https://murderpedia.org/male.C/c/chadd-billy-lee.htm']
65,Billy Sunday Birt,Billy,Sunday Birt,,United States,male,3.0,3+,1972–1973,1972.0,1973.0,37.09024,-95.712891,['https://murderpedia.org/male.B/b/birt-billy-sunday.htm']
66,Calvin Jackson,Calvin,Jackson,,United States,male,9.0,,1973–1974,1973.0,1974.0,37.09024,-95.712891,['https://en.wikipedia.org/wiki/Calvin_Jackson']
67,Carl Brandt,Carl,Brandt,,United States,male,3.0,6+,1971–2004,1971.0,2004.0,37.09024,-95.712891,['https://en.wikipedia.org/wiki/Carl_Brandt_(composer)']
68,Carl Eugene Watts,Carl,Eugene Watts,The Sunday Morning Slasher,United States,male,13.0,85,1974–1982,1974.0,1982.0,37.09024,-95.712891,['https://en.wikipedia.org/wiki/Carl_Eugene_Watts']
69,Carl Großmann,Carl,Großmann,Die Bestie vom Schlesischen Bahnhof,Germany,male,3.0,23 – ca. 100,1918–1921,1918.0,1921.0,51.165690999999995,10.451526,['https://en.wikipedia.org/wiki/Carl_Gro%C3%9Fmann']
70,Carl Panzram,Carl,Panzram,,United States,male,4.0,18,1917–1929,1917.0,1929.0,37.09024,-95.712891,['https://www.famousbirthdays.com/people/carl-panzram.html']
71,Carlton Michael Gary,Carlton,Michael Gary,Stocking Strangler,United States,male,7.0,,1977–1978,1977.0,1978.0,37.09024,-95.712891,['https://en.wikipedia.org/wiki/Carlton_Gary']
72,Carroll Edward Cole,Carroll,Edward Cole,,United States,male,16.0,,1948–1980,1948.0,1980.0,37.09024,-95.712891,['https://en.wikipedia.org/wiki/Carroll_Cole']
73,Cary Anthony Stayner,Cary,Anthony Stayner,Yosemite Murderer,United States,male,4.0,,1999,1999.0,1999.0,37.09024,-95.712891,['https://allfamous.org/people/cary-stayner-19610813.html']
74,Catherine Wilson,Catherine,Wilson,,United Kingdom,female,1.0,7,1854–1862,1854.0,1862.0,55.378051,-3.435973,['https://gerontology.wikia.org/wiki/Catherine_Wilson']
75,Cayetano Santos Godino,Cayetano,Santos Godino,Big Eared Midget,Argentina,male,4.0,,1912,1912.0,1912.0,-38.416097,-63.61667199999999,['https://en.wikipedia.org/wiki/Cayetano_Santos_Godino']
76,Cecile Bombeek,Cecile,Bombeek,Schwester Godfrida,Belgium,female,3.0,33,1976–1978,1976.0,1978.0,50.503887,4.469936,['https://murderpedia.org/female.B/b/bombeek-cecile.htm']
77,Céline Lesage,Céline,Lesage,,France,female,6.0,,2000–2007,2000.0,2007.0,46.227638,2.213749,['https://en.wikipedia.org/wiki/Celine_Lesage']
78,Cesar Francesco Barone,Cesar,Francesco Barone,,United States,male,4.0,4+,1991–1993,1991.0,1993.0,37.09024,-95.712891,['https://en.wikipedia.org/wiki/Cesar_Barone']
79,Charles Albanese,Charles,Albanese,,United States,male,3.0,,1980–1981,1980.0,1981.0,37.09024,-95.712891,['https://murderpedia.org/male.A/a1/albanese-charles.htm']
80,Charles Albright,Charles,Albright,"Eyeball Killer, Dallas Ripper, Dallas Slasher",United States,male,3.0,,1990–1991,1990.0,1991.0,37.09024,-95.712891,['https://www.famousbirthdays.com/people/charles-albright.html']
81,Charles Anthony Boyd,Charles,Anthony Boyd,,United States,male,3.0,,1986–1987,1986.0,1987.0,37.09024,-95.712891,['https://murderpedia.org/male.B/b1/boyd-charles-anthony.htm']
82,Charles Cullen,Charles,Cullen,,United States,male,35.0,45,1988–2003,1988.0,2003.0,37.09024,-95.712891,['https://www.famousbirthdays.com/people/charles-cullen.html']
83,Charles Howard Schmid,Charles,Howard Schmid,The Pied Piper of Tucson,United States,male,3.0,4,1964–1965,1964.0,1965.0,37.09024,-95.712891,Missing Data
84,Charles Ray Hatcher,Charles,Ray Hatcher,,United States,male,16.0,,1969–1982,1969.0,1982.0,37.09024,-95.712891,Missing Data
85,Charles Raymond Starkweather,Charles,Raymond Starkweather,,United States,male,11.0,,1957–1958,1957.0,1958.0,37.09024,-95.712891,['https://www.biography.com/crime-figure/charles-starkweather']
86,Chester Dewayne Turner,Chester,Dewayne Turner,The Southside Slayer,United States,male,11.0,,1987–1998,1987.0,1998.0,37.09024,-95.712891,['https://en.wikipedia.org/wiki/Chester_Turner']
87,Christa Lehmann,Christa,Lehmann,,Germany,female,3.0,,1952–1954,1952.0,1954.0,51.165690999999995,10.451526,Missing Data
88,Christine Laverne Falling,Christine,Laverne Falling,,United States,female,3.0,6,1980–1982,1980.0,1982.0,37.09024,-95.712891,['https://en.wikipedia.org/wiki/Christine_Falling']
89,Christine Malèvre,Christine,Malèvre,,France,female,6.0,31,1997–1998,1997.0,1998.0,46.227638,2.213749,['https://murderpedia.org/female.M/m/malevre-christine.htm']
90,Christman Gniperdoliga,Christman,Gniperdoliga,,Germany,male,,,?–1581,,1581.0,51.165690999999995,10.451526,['https://en.wikipedia.org/wiki/Christman_Genipperteinga']
91,Christopher Bernard Wilder,Christopher,Bernard Wilder,The Beauty Queen Killer,United States,male,8.0,14,1984,1984.0,1984.0,37.09024,-95.712891,['https://en.wikipedia.org/wiki/Christopher_Wilder']
92,Christopher Dorner,Christopher,Dorner,,United States,male,3.0,,2013,2013.0,2013.0,37.09024,-95.712891,['https://www.famousbirthdays.com/people/christopher-dorner.html']
93,Christopher Mhlengwa Zikode,Christopher,Mhlengwa Zikode,Donnybrook Serial Killer,South Africa,male,18.0,29,?–1997,,1997.0,-30.559482,22.937506,['https://murderpedia.org/male.Z/z/zikode-christopher.htm']
94,Christopher Peterson,Christopher,Peterson,The Shotgun Killer,United States,male,7.0,,1990,1990.0,1990.0,37.09024,-95.712891,['https://en.wikipedia.org/wiki/Christopher_Peterson']
95,Cleophus Prince,Cleophus,Prince,The Clairemont Killer,United States,male,6.0,,1990,1990.0,1990.0,37.09024,-95.712891,['https://www.famousbirthdays.com/people/cleophus-prince.html']
96,Clifford Robert Olson,Clifford,Robert Olson,,Canada,male,11.0,,1980–1981,1980.0,1981.0,56.130366,-106.34677099999999,['https://en.wikipedia.org/wiki/Clifford_Olson']
97,Clinton Bankston Jr.,Clinton,Bankston Jr.,,United States,male,5.0,,1987,1987.0,1987.0,37.09024,-95.712891,['https://murderpedia.org/male.B/b/bankston-clinton.htm']
98,Colin Ireland,Colin,Ireland,Gay Slayer,United Kingdom,male,5.0,,1993,1993.0,1993.0,55.378051,-3.435973,['https://criminalminds.fandom.com/wiki/Colin_Ireland']
99,Curtis Don Brown,Curtis,Don Brown,Bandit,United States,male,3.0,18,1994–1986,1994.0,1986.0,37.09024,-95.712891,['https://murderpedia.org/male.B/b/brown-curtis-don.htm']
100,Cynthia Lynn Coffman,Cynthia,Lynn Coffman,,United States,female,4.0,,1986,1986.0,1986.0,37.09024,-95.712891,Missing Data
101,Cypka,Cypka,,,Poland,male,30.0,,1945–1950,1945.0,1950.0,51.919438,19.145135999999997,['https://www.transfermarkt.com/aktuell/geburtstage/aktuell?datum=1952-07-09&page=5']
102,Dagmar Johanne Amalie Overbye,Dagmar,Johanne Amalie Overbye,,Denmark,female,9.0,25,1913–1920,1913.0,1920.0,56.26392,9.501785,['https://en.wikipedia.org/wiki/Dagmar_Overbye']
103,Dale R. Anderson,Dale,R. Anderson,,United States,male,2.0,7+,1978–1988,1978.0,1988.0,37.09024,-95.712891,['https://murderpedia.org/male.A/a/anderson-dale.htm']
104,Dallen Forrest Bounds,Dallen,Forrest Bounds,,United States,male,4.0,,1999,1999.0,1999.0,37.09024,-95.712891,['https://www.famousbirthdays.com/people/dallen-bounds.html']
105,Daniel Camargo Barbosa,Daniel,Camargo Barbosa,,Colombia,male,72.0,150,1974–1986,1974.0,1986.0,4.570868,-74.297333,['https://en.wikipedia.org/wiki/Daniel_Camargo_Barbosa']
106,Daniel Harold Rolling,Daniel,Harold Rolling,The Gainesville Ripper,United States,male,5.0,8,1990,1990.0,1990.0,37.09024,-95.712891,Missing Data
107,Daniel Joseph Blank,Daniel,Joseph Blank,,United States,male,6.0,,1996–1997,1996.0,1997.0,37.09024,-95.712891,['https://murderpedia.org/male.B/b/blank-daniel-joseph.htm']
108,Daniel Lee Corwin,Daniel,Lee Corwin,,United States,male,3.0,,1987,1987.0,1987.0,37.09024,-95.712891,['https://murderpedia.org/male.C/c1/corwin-daniel.htm']
109,Daniel Owen Conahan,Daniel,Owen Conahan,Hog Trail Murderer,United States,male,5.0,11,1994–1996,1994.0,1996.0,37.09024,-95.712891,['https://en.wikipedia.org/wiki/Daniel_Conahan']
110,Danny Lee Barber,Danny,Lee Barber,,United States,male,4.0,,1978–1980,1978.0,1980.0,37.09024,-95.712891,['https://murderpedia.org/male.B/b1/barber-danny-lee.htm']
111,Danny Paul Bible,Danny,Paul Bible,,United States,male,4.0,,1979–1983,1979.0,1983.0,37.09024,-95.712891,['https://murderpedia.org/male.B/b/bible-danny-paul.htm']
112,Darja Nikolajewna Saltykowa,Darja,Nikolajewna Saltykowa,Saltytschicha,Russia,female,38.0,139,?–1762,,1762.0,61.52401,105.31875600000001,['https://de.wikipedia.org/wiki/Darja_Nikolajewna_Saltykowa']
113,Darrell Keith Rich,Darrell,Keith Rich,"Young Elk, The Hilltop Rapist",United States,male,4.0,,1978,1978.0,1978.0,37.09024,-95.712891,['https://murderpedia.org/male.R/r1/rich-darrell-keith.htm']
114,David Berkowitz,David,Berkowitz,Son of Sam,United States,male,6.0,,1976–1977,1976.0,1977.0,37.09024,-95.712891,['https://en.wikipedia.org/wiki/David_Berkowitz']
115,David Edward Maust,David,Edward Maust,Crazy Dave,United States,male,5.0,,1974–2003,1974.0,2003.0,37.09024,-95.712891,['https://en.wikipedia.org/wiki/David_Edward_Maust']
116,David Joseph Carpenter,David,Joseph Carpenter,The Trailside Killer,United States,male,7.0,,1979–1981,1979.0,1981.0,37.09024,-95.712891,['https://en.wikipedia.org/wiki/David_Carpenter']
117,David Thabo Simelane,David,Thabo Simelane,,Swaziland,male,34.0,63,1998–2001,1998.0,2001.0,-26.522503000000004,31.465866,['https://en.wikipedia.org/wiki/David_Thabo_Simelane']
118,Dayton Leroy Rogers,Dayton,Leroy Rogers,"The Molalla Forest Murderer, Molalla Forest Killer",United States,male,6.0,,1983–1987,1983.0,1987.0,37.09024,-95.712891,['https://www.famousbirthdays.com/people/dayton-rogers.html']
119,Dean Corll,Dean,Corll,The Candy Man,United States,male,28.0,30,1971–1973,1971.0,1973.0,37.09024,-95.712891,Missing Data
120,Dean Phillip Carter,Dean,Phillip Carter,,United States,male,5.0,,1984,1984.0,1984.0,37.09024,-95.712891,['https://en.wikipedia.org/wiki/Dean_Carter']
121,Della Sorenson,Della,Sorenson,,United States,female,8.0,,1918–1924,1918.0,1924.0,37.09024,-95.712891,['https://murderpedia.org/female.S/s/sorenson-della.htm']
122,Dellmus Charles Colvin,Dellmus,Charles Colvin,,United States,male,7.0,7+,1987–2005,1987.0,2005.0,37.09024,-95.712891,['https://murderpedia.org/male.C/c/colvin-dellmus.htm']
123,Denise Dianna Buchanan,Denise,Dianna Buchanan,,United States,female,2.0,3,1989–1993,1989.0,1993.0,37.09024,-95.712891,['https://murderpedia.org/female.B/b/buchanan-denise.htm']
124,Dennis Andrew Nilsen,Dennis,Andrew Nilsen,"The Muswell Hill Murderer, The Kindly Killer",United Kingdom,male,15.0,,1978–1983,1978.0,1983.0,55.378051,-3.435973,Missing Data
125,Dennis Lynn Rader,Dennis,Lynn Rader,BTK-Killer,United States,male,10.0,,1974–1991,1974.0,1991.0,37.09024,-95.712891,['https://en.wikipedia.org/wiki/Dennis_Rader']
126,Derrick Todd Lee,Derrick,Todd Lee,Baton Rouge Serial Killer,United States,male,7.0,10,1992–2003,1992.0,2003.0,37.09024,-95.712891,['https://en.wikipedia.org/wiki/Derrick_Todd_Lee']
127,Detlef S.,Detlef,S.,Parkplatzmörder,Germany,male,2.0,,2010,2010.0,2010.0,51.165690999999995,10.451526,Missing Data
128,Diana Lumbrera,Diana,Lumbrera,,United States,female,4.0,7,1976–1990,1976.0,1990.0,37.09024,-95.712891,['https://murderpedia.org/female.L/l/lumbrera-diana.htm']
129,Diane Odell,Diane,Odell,The Babies in Boxes Murder Case,United States,female,5.0,,1982–1985,1982.0,1985.0,37.09024,-95.712891,Missing Data
130,Dieter Zurwehme,Dieter,Zurwehme,,Germany,male,5.0,,1972–1999,1972.0,1999.0,51.165690999999995,10.451526,Missing Data
131,Dimitris Vakrinos,Dimitris,Vakrinos,,Greece,male,5.0,,?–1997,,1997.0,39.074208,21.824312,['https://en.wikipedia.org/wiki/Dimitris_Vakrinos']
132,Dominique Cottrez,Dominique,Cottrez,,France,female,8.0,,1989–2006,1989.0,2006.0,46.227638,2.213749,['https://en.wikipedia.org/wiki/Dominique_Cottrez']
133,Donald Henry Gaskins,Donald,Henry Gaskins,Pee Wee,United States,male,9.0,110,1953–1982,1953.0,1982.0,37.09024,-95.712891,['https://en.wikipedia.org/wiki/Donald_Henry_Gaskins']
134,Donald Jay Beardslee,Donald,Jay Beardslee,,United States,male,3.0,,1969–1981,1969.0,1981.0,37.09024,-95.712891,['https://en.wikipedia.org/wiki/Donald_Beardslee']
135,Donald Leroy Evans,Donald,Leroy Evans,,United States,male,3.0,15-75,1970–1991,1970.0,1991.0,37.09024,-95.712891,['https://en.wikipedia.org/wiki/Donald_Leroy_Evans']
136,Donald Neilson,Donald,Neilson,Black Panther,United Kingdom,male,4.0,,1975,1975.0,1975.0,55.378051,-3.435973,['https://en.wikipedia.org/wiki/Donald_Neilson']
137,Donato Bilancia,Donato,Bilancia,"Monster von Ligurien, Riviera Serienmörder",Italy,male,17.0,,1997–1998,1997.0,1998.0,41.87194,12.56738,['https://happyhappybirthday.net/es/age/donato-bilancia-person_eysauae']
138,Dorothea Helen Puente,Dorothea,Helen Puente,,United States,female,3.0,9+,1982–1988,1982.0,1988.0,37.09024,-95.712891,['https://en.wikipedia.org/wiki/Dorothea_Puente']
139,Dorothy Jean Matajke,Dorothy,Jean Matajke,,United States,female,3.0,,1985–1987,1985.0,1987.0,37.09024,-95.712891,['https://murderpedia.org/female.M/m/matajke-dorothy.htm']
140,Dorothy Williams,Dorothy,Williams,,United States,female,3.0,,1987–1989,1987.0,1989.0,37.09024,-95.712891,['https://agt.fandom.com/wiki/Dorothy_Williams']
141,Earle Leonard Nelson,Earle,Leonard Nelson,"The Gorilla Murderer, The Gorilla Killer, The Dark Strangler",United States,male,22.0,,1926–1927,1926.0,1927.0,37.09024,-95.712891,['https://en.wikipedia.org/wiki/Earle_Nelson']
142,Ed Gein,Ed,Gein,Plainfield Ghoul,United States,male,2.0,2+,1954–1957,1954.0,1957.0,37.09024,-95.712891,['https://www.britannica.com/biography/Ed-Gein']
143,Edmund Emil Kemper,Edmund,Emil Kemper,Co-Ed-Killer,United States,male,10.0,12,1963–1973,1963.0,1973.0,37.09024,-95.712891,['https://en.wikipedia.org/wiki/Edmund_Kemper']
144,Edson Isidoro Guimarães,Edson,Isidoro Guimarães,,Brazil,male,4.0,5,1999,1999.0,1999.0,-14.235004,-51.92528,['https://en.wikipedia.org/wiki/Edson_Izidoro_Guimar%C3%A3es']
145,Edward Castro,Edward,Castro,,United States,male,3.0,,1987,1987.0,1987.0,37.09024,-95.712891,['https://www.instagram.com/edcastro50/']
146,Edward Edwards,Edward,Edwards,,United States,male,5.0,,1977–1996,1977.0,1996.0,37.09024,-95.712891,['https://en.wikipedia.org/wiki/Edward_Edwards_(serial_killer)']
147,Edward J. Adams,Edward,J. Adams,,United States,male,7.0,,1920–1921,1920.0,1921.0,37.09024,-95.712891,['https://en.wikipedia.org/wiki/Edward_J._Adams']
148,Edward Joseph Leonski,Edward,Joseph Leonski,The Brownout Strangler,,male,3.0,,1942,1942.0,1942.0,36.524606,-95.0294497,['http://adb.anu.edu.au/biography/leonski-edward-joseph-10814']
149,Efren Saldivar,Efren,Saldivar,,United States,male,6.0,50,1988–1998,1988.0,1998.0,37.09024,-95.712891,['https://www.famousbirthdays.com/people/efren-saldivar.html']
150,Egidius Schiffer,Egidius,Schiffer,Würger von Aachen,Germany,male,5.0,,1983–1990,1983.0,1990.0,51.165690999999995,10.451526,['https://en.wikipedia.org/wiki/Egidius_Schiffer']
151,Elfriede Blauensteiner,Elfriede,Blauensteiner,Schwarze Witwe,Austria,female,3.0,,1992–1997,1992.0,1997.0,47.516231,14.550072,['https://en.wikipedia.org/wiki/Elfriede_Blauensteiner']
152,Elias Abuelazam,Elias,Abuelazam,The Serial Slasher/The Serial Stabber,United States,male,5.0,,2009–2010,2009.0,2010.0,37.09024,-95.712891,['https://en.wikipedia.org/wiki/Elias_Abuelazam']
153,Elias Xitavhudzi,Elias,Xitavhudzi,Pangaman,South Africa,male,16.0,,1960s ,,,-30.559482,22.937506,['https://en.wikipedia.org/wiki/Elias_Xitavhudzi']
154,Elifasi Msomi,Elifasi,Msomi,South Africa's Axe Killer,South Africa,male,15.0,,?–1956,,1956.0,-30.559482,22.937506,['https://murderpedia.org/male.M/m/msomi-elifasi.htm']
155,Elisabeth Wiese,Elisabeth,Wiese,,Germany,female,5.0,,?–1904,,1904.0,51.165690999999995,10.451526,['https://en.wikipedia.org/wiki/Elisabeth_Wiese']
156,Ellen Etheridge,Ellen,Etheridge,,United States,female,4.0,,1913,1913.0,1913.0,37.09024,-95.712891,['https://murderpedia.org/female.E/e/etheridge-ellen.htm']
157,Elroy Chester,Elroy,Chester,,United States,male,5.0,,1997–1998,1997.0,1998.0,37.09024,-95.712891,['https://en.wikipedia.org/wiki/Elroy_Chester']
158,Enrico Ballor,Enrico,Ballor,,Italy,male,4.0,,1897–1900,1897.0,1900.0,41.87194,12.56738,Missing Data
159,Enriqueta Martí i Ripollés,Enriqueta,Martí i Ripollés,Vampirin von Barcelona,Spain,female,12.0,20,?–1912,,1912.0,40.46366700000001,-3.7492199999999998,['https://en.wikipedia.org/wiki/Enriqueta_Mart%C3%AD']
160,Eric Edgar Cooke,Eric,Edgar Cooke,The Night Caller,Australia,male,8.0,,1959–1963,1959.0,1963.0,-25.274398,133.775136,['https://en.wikipedia.org/wiki/Eric_Edgar_Cooke']
161,Erich Hauert,Erich,Hauert,Monster vom Zollikerberg,Switzerland,male,3.0,,1982–1993,1982.0,1993.0,46.818188,8.227511999999999,['https://en.wikipedia.org/wiki/Erich_Hauert']
162,Ernst Dostal,Ernst,Dostal,,Austria,male,3.0,,1973,1973.0,1973.0,47.516231,14.550072,['https://en.wikipedia.org/wiki/Ernst_Dostal']
163,Ernst Karl,Ernst,Karl,,Austria,male,3.0,,1968–1974,1968.0,1974.0,47.516231,14.550072,Missing Data
164,Ernst-Dieter Beck,Ernst-Dieter,Beck,,Germany,male,3.0,,1961–1968,1961.0,1968.0,51.165690999999995,10.451526,['https://en.wikipedia.org/wiki/Ernst-Dieter_Beck']
165,Erwin Hagedorn,Erwin,Hagedorn,,Germany,male,3.0,,1969–1971,1969.0,1971.0,51.165690999999995,10.451526,['https://en.wikipedia.org/wiki/Erwin_Hagedorn']
166,Erzsébet Báthory,Erzsébet,Báthory,Blutgräfin,Hungary,female,80.0,650,1590–1610,1590.0,1610.0,47.162494,19.5033041,['http://soodiebeasley.com/happy-birthday-the-blood-countess-erzsebet-bathory-1560-1614/']
167,Eugen Weidmann,Eugen,Weidmann,,France,male,6.0,,1937,1937.0,1937.0,46.227638,2.213749,Missing Data
168,Eugene Butler (Serienmörder),Eugene,Butler (Serienmörder),,United States,male,6.0,,1900–1906,1900.0,1906.0,37.09024,-95.712891,['https://murderpedia.org/male.B/b/butler-eugene.htm']
169,Eugene Victor Britt,Eugene,Victor Britt,,United States,male,3.0,11,1995,1995.0,1995.0,37.09024,-95.712891,['https://murderpedia.org/male.B/b/britt-eugene.htm']
170,Eusebius Pieydagnelle,Eusebius,Pieydagnelle,,Italy,male,6.0,,1878,1878.0,1878.0,41.87194,12.56738,['https://culturizando.com/eusebius-pieydagnelle-asesino-serial-con-obsesion-sexual-por-la-sangre/']
171,Ferdinand Gamper,Ferdinand,Gamper,Serienkiller von Meran,Italy,male,6.0,,1996,1996.0,1996.0,41.87194,12.56738,['https://en.wikipedia.org/wiki/Ferdinand_Gamper']
172,Francis Heaulme,Francis,Heaulme,Criminal Backpacker,France,male,7.0,,1984–1989,1984.0,1989.0,46.227638,2.213749,['https://www.famousbirthdays.com/people/francis-heaulme.html']
173,Francisca Ballesteros,Francisca,Ballesteros,The Poisoner of Melilla,Spain,female,3.0,,1990–2004,1990.0,2004.0,40.46366700000001,-3.7492199999999998,['https://en.wikipedia.org/wiki/Francisca_Ballesteros']
174,Francisco Acevedo,Francisco,Acevedo,,United States,male,3.0,,1989–1996,1989.0,1996.0,37.09024,-95.712891,['https://murderpedia.org/male.A/a/acevedo-francisco.htm']
175,Francisco Das Chagas Rodrigues de Brito,Francisco,Das Chagas Rodrigues de Brito,,Brazil,male,30.0,42,1989–2003,1989.0,2003.0,-14.235004,-51.92528,['https://en.wikipedia.org/wiki/Francisco_das_Chagas_Rodrigues_de_Brito']
176,Francisco de Assis Pereira,Francisco,de Assis Pereira,Maníaco do Parque,Brazil,male,9.0,10,?–1998,,1998.0,-14.235004,-51.92528,['https://en.wikipedia.org/wiki/Francisco_de_Assis_Pereira']
177,Francisko del Junco,Francisko,del Junco,,United States,male,4.0,,1995–1996,1995.0,1996.0,37.09024,-95.712891,['https://murderpedia.org/male.J/j/junco-francisco-del.htm']
178,Frank Gust,Frank,Gust,Rhein-Ruhr-Ripper,Germany,male,4.0,,1994–1998,1994.0,1998.0,51.165690999999995,10.451526,['https://en.wikipedia.org/wiki/Frank_Gust']
179,Franklin DeWayne Alix,Franklin,DeWayne Alix,,United States,male,4.0,,1997–1998,1997.0,1998.0,37.09024,-95.712891,['http://www.clarkprosecutor.org/html/death/US/alix1200.htm']
180,Franz Josef Ludy,Franz,Josef Ludy,,Germany,male,4.0,,1950–1968,1950.0,1968.0,51.165690999999995,10.451526,['https://en.wikipedia.org/wiki/Franz_Josef_Ludy']
181,Franz Stockreiter,Franz,Stockreiter,,Austria,male,3.0,,1974–1995,1974.0,1995.0,47.516231,14.550072,Missing Data
182,Frederick Mors,Frederick,Mors,,United States,male,8.0,,1914–1915,1914.0,1915.0,37.09024,-95.712891,['https://en.wikipedia.org/wiki/Frederick_Mors']
183,Friedrich Haarmann,Friedrich,Haarmann,"Werwolf von Hannover, Vampir von Hannover, Schlächter von Hannover",Germany,male,24.0,27,1918–1924,1918.0,1924.0,51.165690999999995,10.451526,['https://en.wikipedia.org/wiki/Fritz_Haarmann']
184,Friedrich Schumann,Friedrich,Schumann,,Germany,male,6.0,11,1911–1921,1911.0,1921.0,51.165690999999995,10.451526,['https://en.wikipedia.org/wiki/Friedrich_Schumann']
185,Fritz Honka,Fritz,Honka,,Germany,male,4.0,,1970–1975,1970.0,1975.0,51.165690999999995,10.451526,['https://happyhappybirthday.net/en/age/fritz-honka-person_glaex']
186,G'dongalay Parlo Berry,G'dongalay,Parlo Berry,,United States,male,3.0,,1995–1996,1995.0,1996.0,37.09024,-95.712891,['https://murderpedia.org/male.B/b/berry-dgongalay.htm']
187,Gail Savage,Gail,Savage,,United States,female,3.0,,1990–1993,1990.0,1993.0,37.09024,-95.712891,['https://www.facebook.com/bella.spa.984/photos/pb.638225609537093.-2207520000.1515919604./2269699926389645/?type=3']
188,Gao Chengyong,Gao,Chengyong,,China,male,,at least 11,1988–2002,1988.0,2002.0,35.86166,104.195397,['https://www.dreshare.com/gao-chengyong/']
189,Gary Alan Walker,Gary,Alan Walker,,United States,male,6.0,,1984,1984.0,1984.0,37.09024,-95.712891,['https://www.clarkprosecutor.org/html/death/US/walker603.htm']
190,Gary Leon Ridgway,Gary,Leon Ridgway,Green River Killer,United States,male,49.0,71,1982–1998,1982.0,1998.0,37.09024,-95.712891,['https://www.biography.com/crime-figure/gary-ridgway']
191,Gary Michael Heidnik,Gary,Michael Heidnik,Brother Bishop,United States,male,2.0,,1986–1987,1986.0,1987.0,37.09024,-95.712891,['https://en.wikipedia.org/wiki/Gary_M._Heidnik']
192,Gary Michael Hilton,Gary,Michael Hilton,,United States,male,2.0,5,2008,2008.0,2008.0,37.09024,-95.712891,['https://murderpedia.org/male.H/h/hilton-gary-michael.htm']
193,Gary Ray Bowles,Gary,Ray Bowles,,United States,male,5.0,6,1994,1994.0,1994.0,37.09024,-95.712891,['https://en.wikipedia.org/wiki/Gary_Ray_Bowles']
194,Genaro Ruiz Camacho Jr.,Genaro,Ruiz Camacho Jr.,Geno Camacho,United States,male,3.0,6+,1988,1988.0,1988.0,37.09024,-95.712891,['https://en.wikipedia.org/wiki/Genaro_Ruiz_Camacho']
195,Genene Anne Jones,Genene,Anne Jones,,United States,female,11.0,11+,1977–1982,1977.0,1982.0,37.09024,-95.712891,['https://en.wikipedia.org/wiki/Genene_Jones']
196,Gennady Mikhasevich,Gennady,Mikhasevich,Würger von Witebsk,Sowjet Union,male,33.0,,?–1985,,1985.0,,,['https://en.wikipedia.org/wiki/Gennady_Mikhasevich']
197,George Chapman,George,Chapman,,United Kingdom,male,3.0,,1897–1902,1897.0,1902.0,55.378051,-3.435973,['https://en.wikipedia.org/wiki/George_Chapman_(murderer)']
198,George Joseph Smith,George,Joseph Smith,Mörder der Bräute im Bad,United Kingdom,male,3.0,,1913–1914,1913.0,1914.0,55.378051,-3.435973,['https://en.wikipedia.org/wiki/George_Joseph_Smith']
199,Gerald Eugene Stano,Gerald,Eugene Stano,,United States,male,9.0,41,1974–1980,1974.0,1980.0,37.09024,-95.712891,['https://en.wikipedia.org/wiki/Gerald_Stano']
200,Gerald Parker,Gerald,Parker,The Bedroom Basher,United States,male,5.0,,1970s ,,,37.09024,-95.712891,['https://en.wikipedia.org/wiki/Gerald_Parker']
201,Gertraud Arzberger,Gertraud,Arzberger,,Austria,female,4.0,5,?–2006,,2006.0,47.516231,14.550072,Missing Data
202,Gesche Margarethe Gottfried,Gesche,Margarethe Gottfried,Engel von Bremen,Germany,female,15.0,,1813–1827,1813.0,1827.0,51.165690999999995,10.451526,['https://en.wikipedia.org/wiki/Gesche_Gottfried']
203,Giancarlo Giudice,Giancarlo,Giudice,Monster von Turin,Italy,male,9.0,,1983–1986,1983.0,1986.0,41.87194,12.56738,Missing Data
204,Gilberto Antonio Chamba,Gilberto,Antonio Chamba,The Monster of Machala,Ecuador,male,9.0,,1988–2004,1988.0,2004.0,-1.8312389999999998,-78.18340599999998,['https://en.wikipedia.org/wiki/Gilberto_Chamba']
205,Gilles de Rais,Gilles,de Rais,Blaubart,France,male,80.0,200,1435–1440,1435.0,1440.0,46.227638,2.213749,['https://en.wikipedia.org/wiki/Gilles_de_Rais']
206,Gilles Garnier,Gilles,Garnier,"The Hermit of St. Bonnot, The Werewolf of Dole",France,male,4.0,,1572,1572.0,1572.0,46.227638,2.213749,Missing Data
207,Gordon Frederick Cummins,Gordon,Frederick Cummins,Blackout Ripper,United Kingdom,male,4.0,,1942,1942.0,1942.0,55.378051,-3.435973,['https://en.wikipedia.org/wiki/Gordon_Cummins']
208,Graham Frederick Young,Graham,Frederick Young,The Teacup Poisoner,United Kingdom,male,3.0,,1962–1971,1962.0,1971.0,55.378051,-3.435973,['https://en.wikipedia.org/wiki/Graham_Young']
209,Gregg Francis Braun,Gregg,Francis Braun,,United States,male,5.0,,1989,1989.0,1989.0,37.09024,-95.712891,['https://murderpedia.org/male.B/b1/braun-gregg.htm']
210,Gregorio Cardenas Hernandez,Gregorio,Cardenas Hernandez,"The Tacuba Strangler, El Goyo Cárdenas",Mexico,male,4.0,,1942,1942.0,1942.0,23.634501,-102.552784,['https://en.wikipedia.org/wiki/Gregorio_C%C3%A1rdenas_Hern%C3%A1ndez']
211,Gregory Allen Bowen,Gregory,Allen Bowen,,United States,male,3.0,,1985–2001,1985.0,2001.0,37.09024,-95.712891,['https://murderpedia.org/male.B/b/bowen-gregory-allen.htm']
212,Gregory Clepper,Gregory,Clepper,,United States,male,8.0,48,1991–1996,1991.0,1996.0,37.09024,-95.712891,['https://murderpedia.org/male.C/c/clepper-gregory.htm']
213,Gregory John Brazel,Gregory,John Brazel,,Australia,male,3.0,,1982–1990,1982.0,1990.0,-25.274398,133.775136,['https://murderpedia.org/male.B/b/brazel-gregory.htm']
214,Günter Lorenz,Günter,Lorenz,,Austria,male,3.0,,1983,1983.0,1983.0,47.516231,14.550072,['https://thehudsonindependent.com/celebrating-a-107th-birthday-gunter-lorenz-stays-active/']
215,Guy Georges,Guy,Georges,The Beast of Bastille,France,male,7.0,10,1991–1997,1991.0,1997.0,46.227638,2.213749,['https://murderpedia.org/male.G/g/georges-guy.htm']
216,Gwendolyn Gail Graham,Gwendolyn,Gail Graham,,United States,female,5.0,,1987,1987.0,1987.0,37.09024,-95.712891,['https://murderpedia.org/female.G/g/graham-gwendolyn.htm']
217,Hadden Irving Clark,Hadden,Irving Clark,,United States,male,2.0,2+,1986–1992,1986.0,1992.0,37.09024,-95.712891,['https://en.wikipedia.org/wiki/Hadden_Clark']
218,Hadj Mohammed Mesfewi,Hadj,Mohammed Mesfewi,Arch Murderer of Marakesch,Morocco,male,36.0,,?–1906,,1906.0,31.791702,-7.092619999999998,['https://murderpedia.org/male.M/m/mesfewi-hadj-mohammed.htm']
219,Hans Jürgen Schröder,Hans,Jürgen Schröder,,Germany,male,5.0,,1969–1984,1969.0,1984.0,51.165690999999995,10.451526,Missing Data
220,Hans Vollenweider,Hans,Vollenweider,,Switzerland,male,3.0,,1939,1939.0,1939.0,46.818188,8.227511999999999,Missing Data
221,Harald Sassak,Harald,Sassak,Gaskassier,Austria,male,7.0,,1971–1972,1971.0,1972.0,47.516231,14.550072,['https://en.wikipedia.org/wiki/Harald_Sassak']
222,Harold Frederick Shipman,Harold,Frederick Shipman,Dr. Tod,United Kingdom,male,218.0,250-459,1970–1998,1970.0,1998.0,55.378051,-3.435973,['https://en.wikipedia.org/wiki/Harold_Shipman']
223,Harvey Louis Carignan,Harvey,Louis Carignan,"Harv the Hammer, The Want-Ad Killer",United States,male,5.0,5+,1949–1974,1949.0,1974.0,37.09024,-95.712891,['https://allfamous.org/people/harvey-carignan-19270518.html']
224,Harvey Miguel Robinson,Harvey,Miguel Robinson,,United States,male,3.0,,1992–1993,1992.0,1993.0,37.09024,-95.712891,['https://en.wikipedia.org/wiki/Harvey_Miguel_Robinson']
225,Harvey Murray Glatman,Harvey,Murray Glatman,The Lonely-Hearts Killer,United States,male,3.0,,1957–1958,1957.0,1958.0,37.09024,-95.712891,['https://en.wikipedia.org/wiki/Harvey_Glatman']
226,Heinrich Pommerenke,Heinrich,Pommerenke,Ungeheuer vom Schwarzwald,Germany,male,4.0,,1959,1959.0,1959.0,51.165690999999995,10.451526,['https://en.wikipedia.org/wiki/Heinrich_Pommerenke']
227,Hélène Jégado,Hélène,Jégado,,France,female,3.0,36,1833–1851,1833.0,1851.0,46.227638,2.213749,['https://en.wikipedia.org/wiki/H%C3%A9l%C3%A8ne_J%C3%A9gado']
228,Henri Désiré Landru,Henri,Désiré Landru,Blaubart von Paris,France,male,11.0,,1914–1918,1914.0,1918.0,46.227638,2.213749,['https://www.thefamousbirthdays.com/people/henri-desire-landru']
229,Henry Bribson Jr.,Henry,Bribson Jr.,,United States,male,3.0,,1973–1978,1973.0,1978.0,37.09024,-95.712891,['https://murderpedia.org/male.B/b/brisbon-henry.htm']
230,Henry Louis Wallace,Henry,Louis Wallace,,United States,male,10.0,,1992–1994,1992.0,1994.0,37.09024,-95.712891,['https://en.wikipedia.org/wiki/Henry_Louis_Wallace']
231,Henry Newton Brown,Henry,Newton Brown,,United States,male,5.0,,1960–1987,1960.0,1987.0,37.09024,-95.712891,['https://en.wikipedia.org/wiki/Henry_Newton_Brown']
232,Herbert James Coddington,Herbert,James Coddington,,United States,male,3.0,,1981–1987,1981.0,1987.0,37.09024,-95.712891,['https://murderpedia.org/male.C/c/coddington-herbert.htm']
233,Herbert Richard Baumeister,Herbert,Richard Baumeister,,United States,male,7.0,17,1980–1996,1980.0,1996.0,37.09024,-95.712891,['https://en.wikipedia.org/wiki/Herb_Baumeister']
234,Herbert Williams Mullin,Herbert,Williams Mullin,,United States,male,13.0,,1972–1973,1972.0,1973.0,37.09024,-95.712891,['https://en.wikipedia.org/wiki/Herbert_Mullin']
235,Heriberto Seda,Heriberto,Seda,The New York Zodiac Killer,United States,male,3.0,,1990–1994,1990.0,1994.0,37.09024,-95.712891,['https://www.famousbirthdays.com/people/heriberto-seda.html']
236,Herman Drenth,Herman,Drenth,Harry Powers,United States,male,5.0,55,1929–1932,1929.0,1932.0,37.09024,-95.712891,['https://murderpedia.org/male.D/d/drenth-herman.htm']
237,Hermann Webster Mudgett,Hermann,Webster Mudgett,H. H. Holmes,United States,male,9.0,27-200,1888–1894,1888.0,1894.0,37.09024,-95.712891,['https://en.wikipedia.org/wiki/H._H._Holmes']
238,Hiroshi Maeue,Hiroshi,Maeue,Suicide Website Murderer,Japan,male,3.0,,2005,2005.0,2005.0,36.204824,138.252924,['https://murderpedia.org/male.M/m/maeue-hiroshi.htm']
239,Horst David,Horst,David,Würger von Regensburg,Germany,male,7.0,,1975–1994,1975.0,1994.0,51.165690999999995,10.451526,['https://www.famousbirthdays.com/people/david-horst.html']
240,Howard Arthur Allen,Howard,Arthur Allen,,United States,male,3.0,14,1974–1987,1974.0,1987.0,37.09024,-95.712891,['https://en.wikipedia.org/wiki/Howard_Allen']
241,Howard Milton Belcher,Howard,Milton Belcher,,United States,male,3.0,,2002,2002.0,2002.0,37.09024,-95.712891,['https://murderpedia.org/male.B/b/belcher-howard-milton.htm']
242,Hu Wanlin,Hu,Wanlin,,China,male,146.0,,1997–1999,1997.0,1999.0,35.86166,104.195397,['https://en.wikipedia.org/wiki/Hu_Wanlin']
243,Hubert Pilčík,Hubert,Pilčík,,Czechoslovakia,male,5.0,10,1948–1951,1948.0,1951.0,14.480370800000001,121.03901780000001,['https://en.wikipedia.org/wiki/Hubert_Pil%C4%8D%C3%ADk']
244,Hugo Schenk,Hugo,Schenk,,Austria,male,4.0,,1883,1883.0,1883.0,47.516231,14.550072,['https://en.wikipedia.org/wiki/Hugo_Schenk']
245,Ion Rîmaru,Ion,Rîmaru,The Vampire of Bucharest,Romania,male,3.0,4,1970–1971,1970.0,1971.0,45.943160999999996,24.96676,['https://en.wikipedia.org/wiki/Ion_R%C3%AEmaru']
246,Irene Becker,Irene,Becker,"Schwester Tod, Todesengel von Charité",Germany,female,5.0,6,2005–2006,2005.0,2006.0,51.165690999999995,10.451526,['http://irenebecker.eu/']
247,Irina Viktorovna Gaidamachuk,Irina,Viktorovna Gaidamachuk,Satan in a Skirt,Russia,female,17.0,,2002–2010,2002.0,2010.0,61.52401,105.31875600000001,['https://en.wikipedia.org/wiki/Irina_Gaidamachuk']
248,Ivan Robert Marko Milat,Ivan,Robert Marko Milat,The Backpacker Murderer,Australia,male,7.0,,1989–1994,1989.0,1994.0,-25.274398,133.775136,['https://en.wikipedia.org/wiki/Ivan_Milat']
249,Jack Barron,Jack,Barron,,United States,male,3.0,4,1992–1995,1992.0,1995.0,37.09024,-95.712891,['https://murderpedia.org/male.B/b/barron-jack.htm']
250,Jacques Plumain,Jacques,Plumain,Kehler Phantom,France,male,3.0,,1999–2000,1999.0,2000.0,46.227638,2.213749,['https://en.wikipedia.org/wiki/Jacques_Plumain']
251,Jake Bird,Jake,Bird,The Tacoma Ax-Killer,United States,male,11.0,44,1930s–1944,,1944.0,37.09024,-95.712891,['https://murderpedia.org/male.B/b/bird-jake.htm']
252,James Clifford Carson,James,Clifford Carson,,United States,male,3.0,,1981–1983,1981.0,1983.0,37.09024,-95.712891,['https://murderpedia.org/male.C/c/carson-james-clifford.htm']
253,James Dwight Canaday,James,Dwight Canaday,,United States,male,3.0,,1968–1969,1968.0,1969.0,37.09024,-95.712891,['https://murderpedia.org/male.C/c/canaday-james.htm']
254,Jane Toppan,Jane,Toppan,Nora Kelley,United States,female,31.0,70,1880–1901,1880.0,1901.0,37.09024,-95.712891,['https://en.wikipedia.org/wiki/Jane_Toppan']
255,Jarvis Catoe,Jarvis,Catoe,,United States,male,13.0,,1940–1941,1940.0,1941.0,37.09024,-95.712891,['https://murderpedia.org/male.C/c/catoe-jarvis.htm']
256,Javed Iqbal,Javed,Iqbal,,Pakistan,male,100.0,,?–1998,,1998.0,30.375321000000003,69.34511599999999,"['https://en.wikipedia.org/wiki/Javed_Iqbal_(judge,_born_1924)']"
257,Jean-Baptiste Troppmann,Jean-Baptiste,Troppmann,,France,male,8.0,,1869,1869.0,1869.0,46.227638,2.213749,['https://en.wikipedia.org/wiki/Jean-Baptiste_Troppmann']
258,Jeanne Weber,Jeanne,Weber,Menschenfresserin aus der Goutte d′Or,France,female,10.0,,1902–1906,1902.0,1906.0,46.227638,2.213749,"['https://www.astro.com/astro-databank/Weber,_Jeanne']"
259,Jeffrey Lionel Dahmer,Jeffrey,Lionel Dahmer,"The Milwaukee Monster, Cannibal of Milwaukee",United States,male,17.0,,1978–1991,1978.0,1991.0,37.09024,-95.712891,['https://en.wikipedia.org/wiki/Jeffrey_Dahmer']
260,Jerome Brudos,Jerome,Brudos,"Lust Killer, Fetish Slayer",United States,male,3.0,4,1968–1969,1968.0,1969.0,37.09024,-95.712891,['https://www.biography.com/crime-figure/jerome-brudos']
261,Joachim Georg Kroll,Joachim,Georg Kroll,Menschenfresser von Duisburg,Germany,male,8.0,14,1955–1976,1955.0,1976.0,51.165690999999995,10.451526,['https://en.wikipedia.org/wiki/Joachim_Kroll']
262,Joe Ball,Joe,Ball,Alligator Man,United States,male,5.0,20,1936–1938,1936.0,1938.0,37.09024,-95.712891,['https://www.famousbirthdays.com/people/joe-ball.html']
263,Joel David Rifkin,Joel,David Rifkin,Joel the Ripper,United States,male,9.0,17+,1989–1993,1989.0,1993.0,37.09024,-95.712891,['https://en.wikipedia.org/wiki/Joel_Rifkin']
264,Johann Trnka,Johann,Trnka,,Austria,male,2.0,,1946,1946.0,1946.0,47.516231,14.550072,['https://de.wikipedia.org/wiki/Johann_Trnka']
265,Johann Unterweger,Johann,Unterweger,"Jack Unterweger, Knastpoet",Austria,male,10.0,13,1974–1992,1974.0,1992.0,47.516231,14.550072,['https://en.wikipedia.org/wiki/Jack_Unterweger']
266,Johannes Mashiane,Johannes,Mashiane,The Beast of Atteridgeville,South Africa,male,12.0,13,?–1989,,1989.0,-30.559482,22.937506,['https://en.wikipedia.org/wiki/Johannes_Mashiane']
267,John Brooks,John,Brooks,,United States,male,6.0,9,1986,1986.0,1986.0,37.09024,-95.712891,"['https://en.wikipedia.org/wiki/John_Brooks_(soccer,_born_1993)']"
268,John Casablanca,John,Casablanca,,United States,male,5.0,,1961–1981,1961.0,1981.0,37.09024,-95.712891,['https://www.famousbirthdays.com/people/john-casablancas.html']
269,John Christie,John,Christie,"Frauenwürger von London, Massenmörder von Notting Hill",United Kingdom,male,6.0,8,1943–1953,1943.0,1953.0,55.378051,-3.435973,['https://www.biography.com/crime-figure/john-christie']
270,John Duffy,John,Duffy,The Railway Killer,United Kingdom,male,3.0,,1982–1986,1982.0,1986.0,55.378051,-3.435973,['https://www.biography.com/crime-figure/john-duffy']
271,John Edward Robinson,John,Edward Robinson,Slave Master,United States,male,8.0,,1984–1999,1984.0,1999.0,37.09024,-95.712891,['https://en.wikipedia.org/wiki/John_Edward_Robinson']
272,John Emil List,John,Emil List,Bogeyman von Westfield,United States,male,5.0,,1971,1971.0,1971.0,37.09024,-95.712891,['https://en.wikipedia.org/wiki/John_List']
273,John Eric Armstrong,John,Eric Armstrong,"Baby doll, Opie",United States,male,5.0,18,1992–1999,1992.0,1999.0,37.09024,-95.712891,['https://en.wikipedia.org/wiki/John_Eric_Armstrong']
274,John George Haigh,John,George Haigh,"Säurebadmörder, Vampir von London",United Kingdom,male,6.0,,1944–1949,1944.0,1949.0,55.378051,-3.435973,Missing Data
275,John Joubert,John,Joubert,Nebraska Serial Killer,United States,male,3.0,,1982–1983,1982.0,1983.0,37.09024,-95.712891,['https://www.famousbirthdays.com/people/john-joubert.html']
276,John Martin Crawford,John,Martin Crawford,,Canada,male,4.0,,1981–1992,1981.0,1992.0,56.130366,-106.34677099999999,['https://en.wikipedia.org/wiki/John_Martin_Crawford']
277,John Martin Scripps,John,Martin Scripps,The Tourist From Hell,United Kingdom,male,3.0,6,1995,1995.0,1995.0,55.378051,-3.435973,['https://en.wikipedia.org/wiki/John_Martin_Scripps']
278,John Norman Collins,John,Norman Collins,"The Coed Killer, Michigan Murderer, The Ypsilanti Killer, John Chapman",United States,male,8.0,,1967–1969,1967.0,1969.0,37.09024,-95.712891,['https://www.famousbirthdays.com/people/john-collins.html']
279,John Paul Knowles,John,Paul Knowles,The Casanova Killer,United States,male,18.0,35,1974,1974.0,1974.0,37.09024,-95.712891,['https://en.wikipedia.org/wiki/Paul_John_Knowles']
280,John Thomas Straffen,John,Thomas Straffen,,United Kingdom,male,3.0,,1951–1952,1951.0,1952.0,55.378051,-3.435973,['https://en.wikipedia.org/wiki/John_Straffen']
281,John Wayne Gacy,John,Wayne Gacy,"Killer-Clown, Pogo the Clown",United States,male,33.0,,1972–1978,1972.0,1978.0,37.09024,-95.712891,['https://en.wikipedia.org/wiki/John_Wayne_Gacy']
282,John Wayne Glover,John,Wayne Glover,"The Granny Killer, North Shore Granny Killer",Australia,male,6.0,,1989–1990,1989.0,1990.0,-25.274398,133.775136,['https://en.wikipedia.org/wiki/John_Wayne_Glover']
283,John William Cooper,John,William Cooper,The Bullseye Killer,United Kingdom,male,4.0,,1985–1989,1985.0,1989.0,55.378051,-3.435973,['https://en.wikipedia.org/wiki/John_Cooper_(serial_killer)']
284,José Antonio Rodríguez Vega,José,Antonio Rodríguez Vega,,Spain,male,16.0,,1987–1988,1987.0,1988.0,40.46366700000001,-3.7492199999999998,['https://en.wikipedia.org/wiki/Jos%C3%A9_Antonio_Rodr%C3%ADguez_Vega']
285,José Luis Calva Zepeda,José,Luis Calva Zepeda,The Cannibal,Mexico,male,3.0,3+,2004–2007,2004.0,2007.0,23.634501,-102.552784,['https://en.wikipedia.org/wiki/Jos%C3%A9_Luis_Calva']
286,Jose Maria Miculax Bux,Jose,Maria Miculax Bux,El Deschichador,Guatemala,male,15.0,,1946,1946.0,1946.0,15.783470999999999,-90.230759,['https://murderpedia.org/male.B/b/bux-jose-miculax.htm']
287,Joseph Baldi,Joseph,Baldi,,United States,male,4.0,,1970–1972,1970.0,1972.0,37.09024,-95.712891,['https://murderpedia.org/male.B/b/baldi-joseph.htm']
288,Joseph Briggen,Joseph,Briggen,,United States,male,12.0,12+,1880–1902,1880.0,1902.0,37.09024,-95.712891,['https://murderpedia.org/male.B/b/briggen-joseph.htm']
289,Joseph Christopher,Joseph,Christopher,.22-caliber Killer,United States,male,13.0,,1980,1980.0,1980.0,37.09024,-95.712891,['https://www.youtube.com/watch?v=pH1c5sFvYWo']
290,Joseph Dewey Akin,Joseph,Dewey Akin,,United States,male,18.0,18+,1990–1991,1990.0,1991.0,37.09024,-95.712891,['https://murderpedia.org/male.A/a/akin-joseph-dewey.htm']
291,Joseph Ernest Atkins,Joseph,Ernest Atkins,,United States,male,3.0,,1969–1985,1969.0,1985.0,37.09024,-95.712891,['https://murderpedia.org/male.A/a1/atkins-joseph-ernest.htm']
292,Joseph Francis Bryan Jr.,Joseph,Francis Bryan Jr.,,United States,male,3.0,,1964,1964.0,1964.0,37.09024,-95.712891,['https://murderpedia.org/male.B/b/bryan-joseph.htm']
293,Joseph Kallinger,Joseph,Kallinger,The Shoemaker,United States,male,3.0,,1974–1975,1974.0,1975.0,37.09024,-95.712891,['https://en.wikipedia.org/wiki/Joseph_Kallinger']
294,Joseph Naso,Joseph,Naso,Double Initial Killer,United States,male,4.0,,1970s–?,,,37.09024,-95.712891,['https://en.wikipedia.org/wiki/Joseph_Naso']
295,Joseph Paul Franklin,Joseph,Paul Franklin,,United States,male,20.0,,1977–1980,1977.0,1980.0,37.09024,-95.712891,['https://en.wikipedia.org/wiki/Joseph_Paul_Franklin']
296,Joseph Vacher,Joseph,Vacher,Der französische Ripper,France,male,11.0,15,1894–1897,1894.0,1897.0,46.227638,2.213749,Missing Data
297,Joshua Wayne Andrews,Joshua,Wayne Andrews,,United States,male,3.0,5,2000–2002,2000.0,2002.0,37.09024,-95.712891,['https://murderpedia.org/male.A/a/andrews-joshua-wayne.htm']
298,Juan Carlos Alvarez,Juan,Carlos Alvarez,,United States,male,5.0,,1998,1998.0,1998.0,37.09024,-95.712891,['https://en.wikipedia.org/wiki/Juan_Carlos_%C3%81lvarez']
299,Juan Martin Cantu,Juan,Martin Cantu,Medrano,United States,male,26.0,,1974–1991,1974.0,1991.0,37.09024,-95.712891,['https://es-la.facebook.com/juan.m.cantu.52']
300,Juan Rodriguez Chavez,Juan,Rodriguez Chavez,,United States,male,12.0,,1985–1995,1985.0,1995.0,37.09024,-95.712891,['https://valor.militarytimes.com/hero/34962']
301,Juan Vallejo Corona,Juan,Vallejo Corona,,United States,male,25.0,,1971,1971.0,1971.0,37.09024,-95.712891,Missing Data
302,Judias Anna Buenoano,Judias,Anna Buenoano,,United States,female,3.0,,1971–1980,1971.0,1980.0,37.09024,-95.712891,['https://en.wikipedia.org/wiki/Judy_Buenoano']
303,Jürgen Bartsch,Jürgen,Bartsch,Kirmesmörder,Germany,male,4.0,,1962–1966,1962.0,1966.0,51.165690999999995,10.451526,['https://www.astro-seek.com/birth-chart/jurgen-bartsch-horoscope']
304,Jürgen Hein,Jürgen,Hein,,Germany,male,3.0,,1967–1985,1967.0,1985.0,51.165690999999995,10.451526,Missing Data
305,Kanae Kijima,Kanae,Kijima,The Konkatsu Killer,Japan,female,3.0,,2009,2009.0,2009.0,36.204824,138.252924,['https://en.wikipedia.org/wiki/Kanae_Kijima']
306,Karl Denke,Karl,Denke,Papa Denke,Germany,male,31.0,,1903–1924,1903.0,1924.0,51.165690999999995,10.451526,['https://en.wikipedia.org/wiki/Karl_Denke']
307,Karl Hopf,Karl,Hopf,,Germany,male,4.0,,1902–1913,1902.0,1913.0,51.165690999999995,10.451526,['https://en.wikipedia.org/wiki/Karl_Hopf_(serial_killer)']
308,Kaspars Petrovs,Kaspars,Petrovs,Würger von Riga,Latvia,male,13.0,20,2002–2003,2002.0,2003.0,56.879635,24.603189,Missing Data
309,Kathleen Anne Atkinson,Kathleen,Anne Atkinson,,United Kingdom,female,4.0,,1991–1995,1991.0,1995.0,55.378051,-3.435973,['https://www.findagrave.com/memorial/173396771/kathleen-anne-atkinson']
310,Kathleen Megan Folbigg,Kathleen,Megan Folbigg,,Australia,female,4.0,,1989–1999,1989.0,1999.0,-25.274398,133.775136,Missing Data
311,Keith Bernard Clay,Keith,Bernard Clay,,United States,male,4.0,,1993–1994,1993.0,1994.0,37.09024,-95.712891,['https://murderpedia.org/male.C/c1/clay-keith.htm']
312,Keith Hunter Jesperson,Keith,Hunter Jesperson,The Happy Face Killer,United States,male,8.0,160,1990–1995,1990.0,1995.0,37.09024,-95.712891,['https://en.wikipedia.org/wiki/Keith_Hunter_Jesperson']
313,Kendall Francois,Kendall,Francois,,United States,male,8.0,10,1996–1998,1996.0,1998.0,37.09024,-95.712891,['https://www.famousbirthdays.com/people/kendall-francois.html']
314,Kenneth Allen McDuff,Kenneth,Allen McDuff,"The Broomstick Murderer, The Broomstick Killer",United States,male,14.0,,1966–1992,1966.0,1992.0,37.09024,-95.712891,['https://en.wikipedia.org/wiki/Kenneth_McDuff']
315,Kenneth Erskine,Kenneth,Erskine,Stockwell Strangler,United Kingdom,male,7.0,11,1986,1986.0,1986.0,55.378051,-3.435973,Missing Data
316,Kimberly Clark Saenz,Kimberly,Clark Saenz,,United States,female,5.0,,2008,2008.0,2008.0,37.09024,-95.712891,['https://murderpedia.org/female.S/s/saenz-kimberly.htm']
317,Klaus G.,Klaus,G.,Mittagsmörder,Germany,male,5.0,7,1960–1965,1960.0,1965.0,51.165690999999995,10.451526,Missing Data
318,Kodaira Yoshio,Kodaira,Yoshio,,Japan,male,12.0,,1932; 1945–1946,,1946.0,36.204824,138.252924,['https://en.wikipedia.org/wiki/Yoshio_Kodaira']
319,Kristen Gilbert,Kristen,Gilbert,The Angel of Death,United States,female,4.0,,?–1996,,1996.0,37.09024,-95.712891,['https://www.famousbirthdays.com/people/kristen-gilbert.html']
320,Kurt-Friedhelm Steinwegs,Kurt-Friedhelm,Steinwegs,Monster vom Niederrhein,Germany,male,6.0,,1974–1983,1974.0,1983.0,51.165690999999995,10.451526,Missing Data
321,Larry D. Bright,Larry,D. Bright,,United States,male,8.0,,2003–2004,2003.0,2004.0,37.09024,-95.712891,['https://murderpedia.org/male.B/b/bright-larry.htm']
322,Larry Eyler,Larry,Eyler,"The Interstate Killer, The Highway Killer",United States,male,23.0,,1983–1984,1983.0,1984.0,37.09024,-95.712891,['https://www.famousbirthdays.com/people/larry-eyler.html']
323,Larry Gene Bell,Larry,Gene Bell,,United States,male,2.0,3,1985,1985.0,1985.0,37.09024,-95.712891,['https://en.wikipedia.org/wiki/Larry_Gene_Bell']
324,Le Thanh Van,Le,Thanh Van,,Vietnam,female,13.0,,1998–2001,1998.0,2001.0,14.058323999999999,108.277199,['https://murderpedia.org/female.V/v/van-le-thanh.htm']
325,Lemuel Warren Smith,Lemuel,Warren Smith,,United States,male,6.0,7,1976–1981,1976.0,1981.0,37.09024,-95.712891,['https://en.wikipedia.org/wiki/Lemuel_Smith']
326,Leo Lancing Boatman,Leo,Lancing Boatman,,United States,male,3.0,,2006–2010,2006.0,2010.0,37.09024,-95.712891,['https://murderpedia.org/male.B/b/boatman-leo.htm']
327,Leonard John Fraser,Leonard,John Fraser,The Rockhampton Rapist,Australia,male,4.0,7,1998–1999,1998.0,1999.0,-25.274398,133.775136,['https://en.wikipedia.org/wiki/Leonard_Fraser']
328,Leonarda Cianciulli,Leonarda,Cianciulli,Soap-Maker of Correggio,Italy,female,3.0,,1939–1940,1939.0,1940.0,41.87194,12.56738,['https://www.thefamouspeople.com/profiles/leonarda-cianciulli-21548.php']
329,Léopold Dion,Léopold,Dion,Monster of Pont-Rouge,Canada,male,4.0,,1963,1963.0,1963.0,56.130366,-106.34677099999999,['https://en.wikipedia.org/wiki/L%C3%A9opold_Dion']
330,Leslie Patrick Bailey,Leslie,Patrick Bailey,Catweazle,United Kingdom,male,4.0,25,1984–1985,1984.0,1985.0,55.378051,-3.435973,['https://murderpedia.org/male.B/b/bailey-leslie-patrick.htm']
331,Leszek Pękalski,Leszek,Pękalski,Vampire of Bytów,Poland,male,1.0,80,1984–1992,1984.0,1992.0,51.919438,19.145135999999997,['https://en.wikipedia.org/wiki/Leszek_P%C4%99kalski']
332,Levi Bellfield,Levi,Bellfield,"The Bus Stop Stalker, The Bus Stop Killer",United Kingdom,male,3.0,,2001–2004,2001.0,2004.0,55.378051,-3.435973,['https://en.wikipedia.org/wiki/Levi_Bellfield']
333,Lonnie David Franklin,Lonnie,David Franklin,The Grim Sleeper,United States,male,10.0,10+,1985–2007,1985.0,2007.0,37.09024,-95.712891,['https://en.wikipedia.org/wiki/Grim_Sleeper']
334,Lorenzo Jerome Gilyard,Lorenzo,Jerome Gilyard,,United States,male,6.0,13,1977–1993,1977.0,1993.0,37.09024,-95.712891,['https://en.wikipedia.org/wiki/Lorenzo_Gilyard']
335,Louay Omar Mohammed al-Taei,Louay,Omar Mohammed al-Taei,,Iraq,male,43.0,,2005–2006,2005.0,2006.0,33.223191,43.679291,['https://en.wikipedia.org/wiki/Louay_Omar_Mohammed_al-Taei']
336,Louise Peete,Louise,Peete,,United States,female,3.0,,1912–1944,1912.0,1944.0,37.09024,-95.712891,Missing Data
337,Louise Vermilyea,Louise,Vermilyea,,United States,female,9.0,,1893–1911,1893.0,1911.0,37.09024,-95.712891,['https://murderpedia.org/female.V/v/vermilyea-louise.htm']
338,Lowell Edwin Amos,Lowell,Edwin Amos,,United States,male,4.0,,1979–1994,1979.0,1994.0,37.09024,-95.712891,['https://murderpedia.org/male.A/a/amos-lowell.htm']
339,Łucjan Staniak,Łucjan,Staniak,The Red Spider,Poland,male,6.0,,1964–1967,1964.0,1967.0,51.919438,19.145135999999997,['https://facet.wp.pl/lucjan-staniak-tajemnicza-historia-polskiego-kuby-rozpruwacza-6002216466191489a']
340,Ludwig Tessnow,Ludwig,Tessnow,,Germany,male,4.0,,1898–1901,1898.0,1901.0,51.165690999999995,10.451526,['https://murderpedia.org/male.T/t/tessnow-ludwig.htm']
341,Luis Alfredo Garavito,Luis,Alfredo Garavito,"El Loco, La Bestia",Colombia,male,138.0,172,1992–1999,1992.0,1999.0,4.570868,-74.297333,['https://en.wikipedia.org/wiki/Luis_Garavito']
342,Lutz Reinstrom,Lutz,Reinstrom,Säurefassmörder,Germany,male,2.0,,1986–1991,1986.0,1991.0,51.165690999999995,10.451526,['https://en.wikipedia.org/wiki/Lutz_Reinstrom']
343,Lyda Catherine Ambrose,Lyda,Catherine Ambrose,,United States,female,5.0,,1917–1920,1917.0,1920.0,37.09024,-95.712891,['https://murderpedia.org/female.A/a/ambrose-lyda.htm']
344,Mack Ray Edwards,Mack,Ray Edwards,,United States,male,6.0,,1953–1970,1953.0,1970.0,37.09024,-95.712891,['https://en.wikipedia.org/wiki/Mack_Ray_Edwards']
345,Magdalena Solis,Magdalena,Solis,The High Priestess of Blood,Mexico,female,2.0,8+,1963,1963.0,1963.0,23.634501,-102.552784,['https://en.wikipedia.org/wiki/Magdalena_Sol%C3%ADs']
346,Malcolm Joseph Thomas Clarke,Malcolm,Joseph Thomas Clarke,,Australia,male,2.0,,1980–1982,1980.0,1982.0,-25.274398,133.775136,['https://murderpedia.org/male.C/c/clarke-malcolm-joseph.htm']
347,Manfred Seel,Manfred,Seel,"Hessen-Ripper, Jack the Ripper von Schwalbach",Germany,male,5.0,,1971–2004,1971.0,2004.0,51.165690999999995,10.451526,['https://en.wikipedia.org/wiki/Manfred_Seel']
348,Manfred Wittmann,Manfred,Wittmann,,Germany,male,3.0,,1968–1969,1968.0,1969.0,51.165690999999995,10.451526,['https://en.wikipedia.org/wiki/Manfred_Wittmann']
349,Manuel Octavio Bermudez Estrada,Manuel,Octavio Bermudez Estrada,El monstruo de los cañaduzales,Colombia,male,17.0,21,1999–2003,1999.0,2003.0,4.570868,-74.297333,['https://en.wikipedia.org/wiki/Manuel_Octavio_Berm%C3%BAdez']
350,Maoupa Cedric Maake,Maoupa,Cedric Maake,Wemmer Pan Serial Killer,South Africa,male,27.0,,1996–1997,1996.0,1997.0,-30.559482,22.937506,['https://murderpedia.org/male.M/m/maake-maoupa.htm']
351,Marc Dutroux,Marc,Dutroux,,Belgium,male,5.0,,1995–1996,1995.0,1996.0,50.503887,4.469936,['https://en.wikipedia.org/wiki/Marc_Dutroux']
352,Marc Hoffmann,Marc,Hoffmann,,Germany,male,2.0,8,1987–1990,1987.0,1990.0,51.165690999999995,10.451526,Missing Data
353,Marcel Barbeault,Marcel,Barbeault,Le Tueur de l'Ombre (Der Schattenmörder),France,male,8.0,,1969–1976,1969.0,1976.0,46.227638,2.213749,['https://happyhappybirthday.net/en/age/marcel-barbeault-person_xyqqgxq']
354,Marcel Petiot,Marcel,Petiot,,France,male,27.0,60,1942–1944,1942.0,1944.0,46.227638,2.213749,['https://www.thefamouspeople.com/profiles/marcel-petiot-26238.php']
355,Marcelo Costa De Andrade,Marcelo,Costa De Andrade,Vampir von Niterói,Brazil,male,14.0,,1991,1991.0,1991.0,-14.235004,-51.92528,['https://en.wikipedia.org/wiki/Marcelo_Costa_de_Andrade']
356,Marco Bergamo,Marco,Bergamo,Monster von Bozen,Italy,male,5.0,,1985–1992,1985.0,1992.0,41.87194,12.56738,['https://en.wikipedia.org/wiki/Marco_Bergamo_(serial_killer)']
357,Marco M.,Marco,M.,Der Brummi-Mörder,Germany,male,3.0,,2003–2006,2003.0,2006.0,51.165690999999995,10.451526,Missing Data
358,Maria Catherina Swanenburg,Maria,Catherina Swanenburg,Goeie Mie,Netherlands,female,27.0,90+,1880–1883,1880.0,1883.0,52.132633,5.2912659999999985,['https://en.wikipedia.org/wiki/Maria_Swanenburg']
359,Maria Velten,Maria,Velten,,Germany,female,3.0,5,1963–1980,1963.0,1980.0,51.165690999999995,10.451526,['https://en.wikipedia.org/wiki/Maria_Velten']
360,Marianne Nölle,Marianne,Nölle,Todesengel von Köln,Germany,female,7.0,17,1984–1992,1984.0,1992.0,51.165690999999995,10.451526,['https://en.wikipedia.org/wiki/Marianne_N%C3%B6lle']
361,Marie Alexandrine Becker,Marie,Alexandrine Becker,,Belgium,female,11.0,,1934–1936,1934.0,1936.0,50.503887,4.469936,['https://en.wikipedia.org/wiki/Marie_Alexandrine_Becker']
362,Marie Fikáčková,Marie,Fikáčková,,Czechoslovakia,female,10.0,,1957–1960,1957.0,1960.0,14.480370800000001,121.03901780000001,['https://en.wikipedia.org/wiki/Marie_Fik%C3%A1%C4%8Dkov%C3%A1']
363,Marie Noe,Marie,Noe,,United States,female,8.0,,1949–1968,1949.0,1968.0,37.09024,-95.712891,['https://www.famousbirthdays.com/people/marie-noe.html']
364,Marie-Madeleine de Brinvilliers,Marie-Madeleine,de Brinvilliers,Marquise de Brinvilliers,France,female,3.0,,1666–1670,1666.0,1670.0,46.227638,2.213749,['https://en.wikipedia.org/wiki/Madame_de_Brinvilliers']
365,Mariusz Trynkiewicz,Mariusz,Trynkiewicz,,Poland,male,4.0,,1988,1988.0,1988.0,51.919438,19.145135999999997,"['https://www.celebsagewiki.com/mariusz-trynkiewicz', '/search?q=Mariusz+Trynkiewicz+birthday&num=1&hl=en&tbm=isch&source=iu&ictx=1&fir=FECI2rdPBzct4M%252CsIGXKp3LHmelBM%252C_&vet=1&usg=AI4_-kRGFgdrdXIaICo3DzwHs2AoEHXraA&sa=X&ved=2ahUKEwj_gtDjsLrtAhV863MBHW6mBGkQ_h16BAgREAE#imgrc=FECI2rdPBzct4M']"
366,Marjorie Diehl-Armstrong,Marjorie,Diehl-Armstrong,,United States,female,2.0,2,1984–2003,1984.0,2003.0,37.09024,-95.712891,['https://peoplepill.com/people/marjorie-diehl-armstrong/']
367,Mark Andrew Rowntree,Mark,Andrew Rowntree,,United Kingdom,male,4.0,5,1975–1976,1975.0,1976.0,55.378051,-3.435973,['https://murderpedia.org/male.R/r/rowntree-mark.htm']
368,Mark Goudeau,Mark,Goudeau,Baseline Killer,United States,male,2.0,9,2005–2006,2005.0,2006.0,37.09024,-95.712891,['https://www.famousbirthdays.com/people/mark-goudeau.html']
369,Martha Cannon,Martha,Cannon,Patty / Lucrecia P. Cannon,United States,female,4.0,11+,1821–1829,1821.0,1829.0,37.09024,-95.712891,['https://en.wikipedia.org/wiki/Martha_Hughes_Cannon']
370,Martha Marek,Martha,Marek,,Austria,female,4.0,,1932–1934,1932.0,1934.0,47.516231,14.550072,['https://en.wikipedia.org/wiki/Martha_Marek']
371,Martha Rendell,Martha,Rendell,,Australia,female,3.0,,1907–1908,1907.0,1908.0,-25.274398,133.775136,Missing Data
372,Martha Wise,Martha,Wise,,United States,female,3.0,,1924–1925,1924.0,1925.0,37.09024,-95.712891,['https://murderpedia.org/female.W/w/wise-martha.htm']
373,Martha Woods,Martha,Woods,,United States,female,7.0,,1946–1969,1946.0,1969.0,37.09024,-95.712891,['https://murderpedia.org/female.W/w/woods-martha.htm']
374,Martin Ney,Martin,Ney,Maskenmann / Schwarzer Mann,Germany,male,3.0,5,1992–2004,1992.0,2004.0,51.165690999999995,10.451526,Missing Data
375,Mary Ann Britland,Mary,Ann Britland,,United Kingdom,female,3.0,,1886,1886.0,1886.0,55.378051,-3.435973,Missing Data
376,Mary Ann Cotton,Mary,Ann Cotton,,United Kingdom,female,1.0,21,1857–1873,1857.0,1873.0,55.378051,-3.435973,['https://en.wikipedia.org/wiki/Mary_Ann_Cotton']
377,Mary Elizabeth Wilson,Mary,Elizabeth Wilson,The Merry Widow of Windy Nook,United Kingdom,female,2.0,4,1955–1957,1955.0,1957.0,55.378051,-3.435973,['https://murderpedia.org/female.W/w/wilson-mary-elizabeth.htm']
378,Mary Jane Jackson,Mary,Jane Jackson,Bricktop,United States,female,4.0,,1856–1861,1856.0,1861.0,37.09024,-95.712891,['https://www.ancestry.ca/genealogy/records/mary-jane-jackson-24-1bbhkt5']
379,Marybeth Tinning,Marybeth,Tinning,,United States,female,1.0,9,1972–1985,1972.0,1985.0,37.09024,-95.712891,['https://en.wikipedia.org/wiki/Marybeth_Tinning']
380,Maury Troy Travis,Maury,Troy Travis,,United States,male,12.0,17,2000–2002,2000.0,2002.0,37.09024,-95.712891,['https://en.wikipedia.org/wiki/Maury_Travis']
381,Max Gufler,Max,Gufler,,Austria,male,4.0,18,1952–1958,1952.0,1958.0,47.516231,14.550072,['https://murderpedia.org/male.G/g/gufler-max.htm']
382,Melvin David Rees,Melvin,David Rees,Sex Beast,United States,male,5.0,9,1957–1959,1957.0,1959.0,37.09024,-95.712891,['https://murderpedia.org/male.R/r/rees-melvin.htm']
383,Metod Trobec,Metod,Trobec,"Monster van Gorejne Vasi, The Vampire Killer",Yugoslavia,male,5.0,,1977–1979,1977.0,1979.0,32.636499300000004,-115.52287340000002,['https://en.wikipedia.org/wiki/Metod_Trobec']
384,Michael Bernard Bell,Michael,Bernard Bell,,United States,male,5.0,,1989–1993,1989.0,1993.0,37.09024,-95.712891,['https://murderpedia.org/male.B/b/bell-michael-bernard.htm']
385,Michael Bruce Ross,Michael,Bruce Ross,The Connecticut Serial Killer,United States,male,8.0,,1981–1984,1981.0,1984.0,37.09024,-95.712891,['https://en.wikipedia.org/wiki/Michael_Bruce_Ross']
386,Michael Copeland,Michael,Copeland,,United Kingdom,male,3.0,,1960–1961,1960.0,1961.0,55.378051,-3.435973,Missing Data
387,Michael Hughes,Michael,Hughes,,United States,male,4.0,8,1992–1993,1992.0,1993.0,37.09024,-95.712891,['https://www.famousbirthdays.com/people/michael-hughes.html']
388,Michael Joseph Swango,Michael,Joseph Swango,David Adams,United States,male,3.0,60,1991–1997,1991.0,1997.0,37.09024,-95.712891,Missing Data
389,Michel Bellen,Michel,Bellen,The Strangler of the Left Bank,Belgium,male,4.0,,1964–1982,1964.0,1982.0,50.503887,4.469936,['https://murderpedia.org/male.B/b/bellen-michel.htm']
390,Michel Fourniret,Michel,Fourniret,Monster aus den Ardennen,France,male,7.0,10,1987–2001,1987.0,2001.0,46.227638,2.213749,Missing Data
391,Michel Peiry,Michel,Peiry,Sadist von Romont,Switzerland,male,5.0,,1981–1987,1981.0,1987.0,46.818188,8.227511999999999,['https://en.wikipedia.org/wiki/Michel_Peiry']
392,Michele de Marco Lupo,Michele,de Marco Lupo,The Wolf Man,United Kingdom,male,4.0,,1986,1986.0,1986.0,55.378051,-3.435973,Missing Data
393,Michele Kalina,Michele,Kalina,,United States,female,5.0,,1996–2010,1996.0,2010.0,37.09024,-95.712891,['https://murderpedia.org/female.K/k/kalina-michele.htm']
394,Miyoko Sumida,Miyoko,Sumida,,Japan,female,6.0,,2003–2011,2003.0,2011.0,36.204824,138.252924,['https://murderpedia.org/female.S/s/sumida-miyoko.htm']
395,Miyuki Ishikawa,Miyuki,Ishikawa,Oni Sanba (Dämonenhebamme),Japan,female,85.0,169,1944–1948,1944.0,1948.0,36.204824,138.252924,['https://en.wikipedia.org/wiki/Miyuki_Ishikawa']
396,Morris Solomon,Morris,Solomon,,United States,male,6.0,7,1986–1987,1986.0,1987.0,37.09024,-95.712891,['https://en.wikipedia.org/wiki/Morris_Solomon_Jr.']
397,Moses Sithole,Moses,Sithole,"ABC-Murderer, The South African Strangler",South Africa,male,38.0,,1994–1995,1994.0,1995.0,-30.559482,22.937506,['https://www.biography.com/crime-figure/moses-sithole']
398,Nannie Doss,Nannie,Doss,"Arsenic Annie, Giggling Grannie, Giggling Nanny, The Jolly Black Widow",United States,female,11.0,,1927–1954,1927.0,1954.0,37.09024,-95.712891,['https://en.wikipedia.org/wiki/Nannie_Doss']
399,Nathaniel Robert Code Jr.,Nathaniel,Robert Code Jr.,,United States,male,8.0,,1984–1987,1984.0,1987.0,37.09024,-95.712891,['https://murderpedia.org/male.C/c/code-nathaniel.htm']
400,Nathaniel White,Nathaniel,White,,United States,male,6.0,,1991–1992,1991.0,1992.0,37.09024,-95.712891,['https://www.famousbirthdays.com/people/nathaniel-white.html']
401,Nicolai Bonner,Nicolai,Bonner,Haifakiller,Israel,male,4.0,,2005,2005.0,2005.0,31.046051000000002,34.851612,['https://murderpedia.org/male.B/b/bonner-nicolai.htm']
402,Niels Högel,Niels,Högel,Todespfleger,Germany,male,120.0,ca. 200,1999–2005,1999.0,2005.0,51.165690999999995,10.451526,Missing Data
403,Nikolai Schumaghalijew,Nikolai,Schumaghalijew,Metal Fang,Sowjet Union,male,7.0,,1980,1980.0,1980.0,,,['https://www.youtube.com/watch?v=itAl8T0Nww8']
404,Norbert Poehlke,Norbert,Poehlke,Hammermörder,Germany,male,6.0,,1984–1985,1984.0,1985.0,51.165690999999995,10.451526,['https://en.wikipedia.org/wiki/Norbert_Poehlke']
405,Norman Bernard,Norman,Bernard,,United States,male,3.0,,1983,1983.0,1983.0,37.09024,-95.712891,['https://www.astro-seek.com/birth-chart/norman-bernard-horoscope']
406,Norman Volker Franz,Norman,Volker Franz,Metromörder,Germany,male,5.0,,1995–1997,1995.0,1997.0,51.165690999999995,10.451526,['https://www.bka.de/DE/IhreSicherheit/Fahndungen/Personen/BekanntePersonen/Franz_Aktuell/englisch_Franz_Norman.pdf?__blob=publicationFile&amp;v=3']
407,Ōkubo Kiyoshi,Ōkubo,Kiyoshi,,Japan,male,8.0,,1971,1971.0,1971.0,36.204824,138.252924,['https://en.wikipedia.org/wiki/Kiyoshi_%C5%8Ckubo']
408,Olaf Däter,Olaf,Däter,Serienmörder von Bremerhaven,Germany,male,5.0,,2001,2001.0,2001.0,51.165690999999995,10.451526,Missing Data
409,Oscar García Montoya,Oscar,García Montoya,"Carlos, Ricardo, El Compayito",Mexico,male,,600+,?–2011,,2011.0,23.634501,-102.552784,Missing Data
410,Oscar Ray Bolin Jr.,Oscar,Ray Bolin Jr.,,United States,male,3.0,3+,1986,1986.0,1986.0,37.09024,-95.712891,['https://en.wikipedia.org/wiki/Oscar_Ray_Bolin']
411,Ottilie Klimek,Ottilie,Klimek,Tillie,United States,female,3.0,?,1914–1922,1914.0,1922.0,37.09024,-95.712891,['https://murderpedia.org/female.K/k/klimek-tillie.htm']
412,Patrice Alegre,Patrice,Alegre,,France,male,5.0,,1989–1997,1989.0,1997.0,46.227638,2.213749,Missing Data
413,Patrick Baxter,Patrick,Baxter,,United States,male,3.0,12,1987–1990,1987.0,1990.0,37.09024,-95.712891,['https://en.wikipedia.org/wiki/Patrick_Baxter_(serial_killer)']
414,Patrick David Mackay,Patrick,David Mackay,,United Kingdom,male,3.0,11,1974–1975,1974.0,1975.0,55.378051,-3.435973,['https://en.wikipedia.org/wiki/Patrick_Mackay']
415,Patrick Wayne Kearney,Patrick,Wayne Kearney,Trash Bag Murderer,United States,male,21.0,28,1965–1977,1965.0,1977.0,37.09024,-95.712891,['https://en.wikipedia.org/wiki/Patrick_Kearney']
416,Paul Charles Denyer,Paul,Charles Denyer,The Frankston Serial Killer,Australia,male,3.0,,1993,1993.0,1993.0,-25.274398,133.775136,['https://murderpedia.org/male.D/d/denyer-paul.htm']
417,Paul Dennis Reid,Paul,Dennis Reid,,United States,male,7.0,,1997,1997.0,1997.0,37.09024,-95.712891,['https://en.wikipedia.org/wiki/Paul_Dennis_Reid']
418,Paul Durousseau,Paul,Durousseau,The Jacksonville Serial Killer,United States,male,7.0,9,1997–2003,1997.0,2003.0,37.09024,-95.712891,['https://en.wikipedia.org/wiki/Paul_Durousseau']
419,Paul Ogorzow,Paul,Ogorzow,S-Bahn-Mörder,Germany,male,8.0,,1940–1941,1940.0,1941.0,51.165690999999995,10.451526,['https://en.wikipedia.org/wiki/Paul_Ogorzow']
420,Pedro Alonso López,Pedro,Alonso López,Monster der Anden,Colombia,male,56.0,313,1978–1980,1978.0,1980.0,4.570868,-74.297333,['https://www.biography.com/crime-figure/pedro-alonso-lopez']
421,Pedro Rodrigues Filho,Pedro,Rodrigues Filho,Little Peter the killer,Brazil,male,71.0,100,1967–2003,1967.0,2003.0,-14.235004,-51.92528,['https://en.wikipedia.org/wiki/Pedro_Rodrigues_Filho']
422,Peter Britton Tobin,Peter,Britton Tobin,,United Kingdom,male,3.0,6,1991–2006,1991.0,2006.0,55.378051,-3.435973,['https://en.wikipedia.org/wiki/Peter_Tobin']
423,Peter Bryan,Peter,Bryan,,United Kingdom,male,3.0,,1993–2004,1993.0,2004.0,55.378051,-3.435973,['https://en.wikipedia.org/wiki/Peter_Bryan']
424,Peter Göbbels,Peter,Göbbels,,Germany,male,4.0,7,1984–1985,1984.0,1985.0,51.165690999999995,10.451526,['https://en.wikipedia.org/wiki/Joseph_Goebbels']
425,Peter Kudzinowski,Peter,Kudzinowski,,United States,male,3.0,,1924–1928,1924.0,1928.0,37.09024,-95.712891,['https://murderpedia.org/male.K/k/kudzinowski-peter.htm']
426,Peter Kürten,Peter,Kürten,Vampir von Düsseldorf,Germany,male,9.0,,1913–1930,1913.0,1930.0,51.165690999999995,10.451526,['https://www.famousbirthdays.com/people/peter-kurten.html']
427,Peter Lundin,Peter,Lundin,,Denmark,male,4.0,,1991–2000,1991.0,2000.0,56.26392,9.501785,['https://en.wikipedia.org/wiki/Peter_Lundin']
428,Peter Moore,Peter,Moore,The Man In Black,United Kingdom,male,4.0,,1995,1995.0,1995.0,55.378051,-3.435973,['https://www.famousbirthdays.com/people/peter-moore.html']
429,Peter Nirsch,Peter,Nirsch,,Germany,male,,520,1570–1581,1570.0,1581.0,51.165690999999995,10.451526,['https://www.wikidata.org/wiki/Q98598']
430,Peter Norris Dupas,Peter,Norris Dupas,,Australia,male,3.0,6,1997–1999,1997.0,1999.0,-25.274398,133.775136,['https://en.wikipedia.org/wiki/Peter_Dupas']
431,Peter Stump,Peter,Stump,Stubbe-Peter,Germany,male,16.0,,1564–1589,1564.0,1589.0,51.165690999999995,10.451526,['https://en.wikipedia.org/wiki/Peter_Stumpp']
432,Peter Thomas Anthony Manuel,Peter,Thomas Anthony Manuel,The Beast of Birkenshaw,United Kingdom,male,8.0,18,1956–1958,1956.0,1958.0,55.378051,-3.435973,['https://en.wikipedia.org/wiki/Peter_Manuel']
433,Peter William Sutcliffe,Peter,William Sutcliffe,The Yorkshire Ripper,United Kingdom,male,13.0,,1975–1980,1975.0,1980.0,55.378051,-3.435973,Missing Data
434,Peter Woodcock,Peter,Woodcock,,Canada,male,4.0,,1956–1991,1956.0,1991.0,56.130366,-106.34677099999999,['https://en.wikipedia.org/wiki/Peter_Woodcock']
435,Petr Zelenka,Petr,Zelenka,,Czech Republic,male,7.0,,2006,2006.0,2006.0,49.81749199999999,15.472961999999999,['https://happyhappybirthday.net/en/age/petr-zelenka-person_gaayyy']
436,Phillip Carl Jablonski,Phillip,Carl Jablonski,,United States,male,5.0,,1978–1991,1978.0,1991.0,37.09024,-95.712891,['https://en.wikipedia.org/wiki/Phillip_Carl_Jablonski']
437,Pierre Chanal,Pierre,Chanal,,France,male,3.0,8,1980–1987,1980.0,1987.0,46.227638,2.213749,['https://en.wikipedia.org/wiki/Pierre_Chanal']
438,Pierre Corneille Faculys Basson,Pierre,Corneille Faculys Basson,The Insurance Killer,South Africa,male,8.0,9,1903–1906,1903.0,1906.0,-30.559482,22.937506,['https://murderpedia.org/male.B/b/basson-pierre.htm']
439,Pierre Fernand Bodein,Pierre,Fernand Bodein,,France,male,3.0,,2004,2004.0,2004.0,46.227638,2.213749,['https://murderpedia.org/male.B/b/bodein-pierre.htm']
440,Posteal Laskey,Posteal,Laskey,Cincinnati Strangler,United States,male,7.0,,1965–1966,1965.0,1966.0,37.09024,-95.712891,['https://murderpedia.org/male.L/l/laskey-posteal.htm']
441,Quincy Javon Allen,Quincy,Javon Allen,,United States,male,4.0,,2002,2002.0,2002.0,37.09024,-95.712891,['https://en.wikipedia.org/wiki/Quincy_Allen']
442,Ralph Raymond Andrews,Ralph,Raymond Andrews,,United States,male,4.0,20,1971–1991,1971.0,1991.0,37.09024,-95.712891,['https://murderpedia.org/male.A/a/andrews-ralph-raymond.htm']
443,Ramiro Artieda,Ramiro,Artieda,,Bolivia,male,8.0,,1920–1939,1920.0,1939.0,-16.290154,-63.588652999999994,['https://en.wikipedia.org/wiki/Ramiro_Artieda']
444,Randall Brent Woodfield,Randall,Brent Woodfield,"The I-5 Killer, The I-5 Bandit",United States,male,4.0,18,1979–1981,1979.0,1981.0,37.09024,-95.712891,['https://en.wikipedia.org/wiki/Randall_Woodfield']
445,Randy Steven Kraft,Randy,Steven Kraft,,United States,male,16.0,67,1971–1983,1971.0,1983.0,37.09024,-95.712891,['https://en.wikipedia.org/wiki/Randy_Kraft']
446,Ravindra Kantrole,Ravindra,Kantrole,The Beer Man,India,male,7.0,,2006–2007,2006.0,2007.0,20.593684,78.96288,Missing Data
447,Raymond Eugene Brown,Raymond,Eugene Brown,,United States,male,6.0,,1870s–1884,,1884.0,37.09024,-95.712891,['https://murderpedia.org/male.B/b/brown-raymond.htm']
448,Raymond Leslie Morris,Raymond,Leslie Morris,"Cannock Chase Murderer, Monster of Cannock Chase",United Kingdom,male,3.0,,1965–1967,1965.0,1967.0,55.378051,-3.435973,['https://murderpedia.org/male.M/m/morris-raymond-leslie.htm']
449,Raymond Oscar Butler,Raymond,Oscar Butler,,United States,male,3.0,,1994–1995,1994.0,1995.0,37.09024,-95.712891,['https://murderpedia.org/male.B/b/butler-raymond-oscar.htm']
450,Raymond Robert Clark,Raymond,Robert Clark,,United States,male,2.0,,1964–1977,1964.0,1977.0,37.09024,-95.712891,['https://murderpedia.org/male.C/c1/clark-raymond-robert.htm']
451,Reiner Sturm,Reiner,Sturm,,Germany,male,3.0,,1977,1977.0,1977.0,51.165690999999995,10.451526,['https://www.celebsagewiki.com/reiner-sturm']
452,Rhonda Bell Martin,Rhonda,Bell Martin,,United States,female,6.0,8,1937–1951,1937.0,1951.0,37.09024,-95.712891,['https://en.wikipedia.org/wiki/Rhonda_Belle_Martin']
453,Ricardo Silvio Caputo,Ricardo,Silvio Caputo,The Lady Killer,United States,male,4.0,4+,1971–1977,1971.0,1977.0,37.09024,-95.712891,['https://en.wikipedia.org/wiki/Ricardo_Caputo']
454,Richard Angelo,Richard,Angelo,Angel of Death,United States,male,10.0,25,1984–1987,1984.0,1987.0,37.09024,-95.712891,['https://en.wikipedia.org/wiki/Richard_Angelo']
455,Richard Fran Biegenwald,Richard,Fran Biegenwald,Thrill Killer,United States,male,9.0,11,1958–1983,1958.0,1983.0,37.09024,-95.712891,['https://en.wikipedia.org/wiki/Richard_Biegenwald']
456,Richard Francis Cottingham,Richard,Francis Cottingham,Mid Town Torso Killer,United States,male,6.0,,1967–1980,1967.0,1980.0,37.09024,-95.712891,['https://en.wikipedia.org/wiki/Richard_Cottingham']
457,Richard Franklin Speck,Richard,Franklin Speck,,United States,male,10.0,,?–1966,,1966.0,37.09024,-95.712891,['https://en.wikipedia.org/wiki/Richard_Speck']
458,Richard Gary Beach,Richard,Gary Beach,,United States,male,5.0,,1999,1999.0,1999.0,37.09024,-95.712891,['https://murderpedia.org/male.B/b/beach-richard.htm']
459,Richard Muñoz Ramírez,Richard,Muñoz Ramírez,The Night Stalker,United States,male,13.0,,1984–1985,1984.0,1985.0,37.09024,-95.712891,['https://en.wikipedia.org/wiki/Richard_Ramirez']
460,Richard Trenton Chase,Richard,Trenton Chase,Vampire of Sacramento,United States,male,6.0,,1977–1978,1977.0,1978.0,37.09024,-95.712891,['https://en.wikipedia.org/wiki/Richard_Chase']
461,Richard W.Rogers Jr.,Richard,W.Rogers Jr.,The Last Call Killer,United States,male,2.0,,1992–1993,1992.0,1993.0,37.09024,-95.712891,['https://murderpedia.org/male.R/r/rogers-richard.htm']
462,Robert Berdella,Robert,Berdella,The Kansas City Butcher,United States,male,6.0,,1984–1988,1984.0,1988.0,37.09024,-95.712891,['https://en.wikipedia.org/wiki/Robert_Berdella']
463,Robert Black,Robert,Black,,United Kingdom,male,4.0,5,1981–1986,1981.0,1986.0,55.378051,-3.435973,['https://en.wikipedia.org/wiki/Robert_Black_(serial_killer)']
464,Robert Bruce Spahalski,Robert,Bruce Spahalski,,United States,male,4.0,,1990–2005,1990.0,2005.0,37.09024,-95.712891,['https://murderpedia.org/male.S/s/spahalski-robert.htm']
465,Robert Charles Browne,Robert,Charles Browne,,United States,male,2.0,49,1970–1995,1970.0,1995.0,37.09024,-95.712891,['https://en.wikipedia.org/wiki/Robert_Charles_Browne']
466,Robert Charles Gleason Jr.,Robert,Charles Gleason Jr.,,United States,male,3.0,,2007–2010,2007.0,2010.0,37.09024,-95.712891,['https://en.wikipedia.org/wiki/Robert_Gleason_(murderer)']
467,Robert Christian Hansen,Robert,Christian Hansen,The Flying Nightmare,United States,male,17.0,,1980–1983,1980.0,1983.0,37.09024,-95.712891,['https://en.wikipedia.org/wiki/Robert_Hansen']
468,Robert Frederick Carr III,Robert,Frederick Carr III,,United States,male,4.0,,1972–1976,1972.0,1976.0,37.09024,-95.712891,['https://murderpedia.org/male.C/c/carr-robert-frederick.htm']
469,Robert George Clements,Robert,George Clements,,United Kingdom,male,4.0,,?–1947,,1947.0,55.378051,-3.435973,['https://en.wikipedia.org/wiki/Robert_George_Clements']
470,Robert J. Breton Sr.,Robert,J. Breton Sr.,,United States,male,3.0,,1966–1987,1966.0,1987.0,37.09024,-95.712891,['https://murderpedia.org/male.B/b/breton-robert.htm']
471,Robert James Acremant,Robert,James Acremant,,United States,male,3.0,,1995,1995.0,1995.0,37.09024,-95.712891,['https://murderpedia.org/male.A/a/acremant-robert.htm']
472,Robert Joe Long,Robert,Joe Long,Classified Ad Rapist,United States,male,10.0,,1984,1984.0,1984.0,37.09024,-95.712891,['https://en.wikipedia.org/wiki/Bobby_Joe_Long']
473,Robert John Maudsley,Robert,John Maudsley,Britain’s own Hannibal,United Kingdom,male,4.0,,1974–1978,1974.0,1978.0,55.378051,-3.435973,['https://en.wikipedia.org/wiki/Robert_Maudsley']
474,Robert Joseph Silveria,Robert,Joseph Silveria,"Boxcar Murderer, Sidetrack",United States,male,14.0,34,?–1996,,1996.0,37.09024,-95.712891,Missing Data
475,Robert Lee Yates,Robert,Lee Yates,Spokane Serial Killer,United States,male,15.0,18,1975–1998,1975.0,1998.0,37.09024,-95.712891,['https://en.wikipedia.org/wiki/Robert_Lee_Yates']
476,Robert Leroy Biehler,Robert,Leroy Biehler,,United States,male,3.0,,1972–1973,1972.0,1973.0,37.09024,-95.712891,['https://murderpedia.org/male.B/b/biehler-robert-leroy.htm']
477,Robert Rubane Diaz,Robert,Rubane Diaz,,United States,male,12.0,,1981,1981.0,1981.0,37.09024,-95.712891,['https://murderpedia.org/male.D/d/diaz-robert-rubane.htm']
478,Robert Shulman,Robert,Shulman,,United States,male,5.0,,1991–1996,1991.0,1996.0,37.09024,-95.712891,['https://www.famousbirthdays.com/people/robert-shulman.html']
479,Robert William Pickton,Robert,William Pickton,Willie,Canada,male,6.0,49,1997–2001,1997.0,2001.0,56.130366,-106.34677099999999,['https://www.thefamouspeople.com/profiles/robert-pickton-14414.php']
480,Roberto Arguelles,Roberto,Arguelles,,United States,male,4.0,4+,1992,1992.0,1992.0,37.09024,-95.712891,['https://www.pinterest.es/pin/817684876064747925/']
481,Roberto Succo,Roberto,Succo,Monster von Mestre,Italy,male,7.0,,1981–1988,1981.0,1988.0,41.87194,12.56738,['https://www.astro-seek.com/birth-chart/roberto-succo-horoscope']
482,Robledo Puch,Robledo,Puch,,Argentina,male,10.0,,1971–1972[224],1971.0,1971.0,-38.416097,-63.61667199999999,"['https://www.astro.com/astro-databank/Puch,_Robledo']"
483,Rodney Alcala,Rodney,Alcala,,United States,male,8.0,130,1977–1979,1977.0,1979.0,37.09024,-95.712891,['https://en.wikipedia.org/wiki/Rodney_Alcala']
484,Rogelio Reyes Cannady,Rogelio,Reyes Cannady,,United States,male,3.0,,1990–1993,1990.0,1993.0,37.09024,-95.712891,['http://www.clarkprosecutor.org/html/death/US/cannady1207.htm']
485,Roger Andermatt,Roger,Andermatt,Todespfleger von Luzern,Switzerland,male,22.0,27,1995–2001,1995.0,2001.0,46.818188,8.227511999999999,['https://murderpedia.org/male.A/a/andermatt-roger.htm']
486,Roger Reece Kibbe,Roger,Reece Kibbe,The I-5 Strangler,United States,male,7.0,,1977–1987,1977.0,1987.0,37.09024,-95.712891,['https://en.wikipedia.org/wiki/Roger_Kibbe']
487,Roland Kübler,Roland,Kübler,,Switzerland,male,3.0,,"1982, 1993, 2008",,,46.818188,8.227511999999999,Missing Data
488,Roman Burtsev,Roman,Burtsev,,Russia,male,6.0,,?–1996,,1996.0,61.52401,105.31875600000001,Missing Data
489,Ronald Joseph Dominique,Ronald,Joseph Dominique,,United States,male,8.0,23,1997–2007,1997.0,2007.0,37.09024,-95.712891,Missing Data
490,Ronald Keith Allridge,Ronald,Keith Allridge,,United States,male,4.0,,1975–1985,1975.0,1985.0,37.09024,-95.712891,['https://murderpedia.org/male.A/a1/allridge-ronald-keith.htm']
491,Ronald Wayne Clark Jr.,Ronald,Wayne Clark Jr.,,United States,male,2.0,,1989–1990,1989.0,1990.0,37.09024,-95.712891,['https://murderpedia.org/male.C/c/clark-ronald-wayne.htm']
492,Ronny Rieken,Ronny,Rieken,,Germany,male,2.0,,1996–1998,1996.0,1998.0,51.165690999999995,10.451526,Missing Data
493,Rory Enrique Conde,Rory,Enrique Conde,The Tamiami Strangler,United States,male,6.0,,1994–1995,1994.0,1995.0,37.09024,-95.712891,Missing Data
494,Rudolf Pleil,Rudolf,Pleil,Der Totmacher,Germany,male,14.0,25,1946–1947,1946.0,1947.0,51.165690999999995,10.451526,['https://en.wikipedia.org/wiki/Rudolf_Pleil']
495,Rudy Bladel,Rudy,Bladel,The Railway Sniper,United States,male,3.0,7,1963–1978,1963.0,1978.0,37.09024,-95.712891,['https://en.wikipedia.org/wiki/Rudy_Bladel']
496,Sabine Hilschenz,Sabine,Hilschenz,,Germany,female,9.0,,1992–1998,1992.0,1998.0,51.165690999999995,10.451526,['https://murderpedia.org/female.H/h/hilschenz-sabine.htm']
497,Sadashiv Sahu,Sadashiv,Sahu,,India,male,22.0,,2002–2004,2002.0,2004.0,20.593684,78.96288,Missing Data
498,Saeed Hanaei,Saeed,Hanaei,,Iran,male,16.0,,2001–2002,2001.0,2002.0,32.427908,53.68804599999999,['https://en.wikipedia.org/wiki/Saeed_Hanaei']
499,Samuel Leonard Boyd,Samuel,Leonard Boyd,,Australia,male,4.0,,1982–1983,1982.0,1983.0,-25.274398,133.775136,['https://en.wikipedia.org/wiki/Samuel_Leonard_Boyd']
500,Sara María Aldrete,Sara,María Aldrete,La Madrina,Mexico,female,5.0,15,1987–1989,1987.0,1989.0,23.634501,-102.552784,Missing Data
501,Sarah Jane Whiteling,Sarah,Jane Whiteling,,United States,female,3.0,,1888,1888.0,1888.0,37.09024,-95.712891,['https://murderpedia.org/female.W/w/whiteling-sarah.htm']
502,Scott Lee Kimball,Scott,Lee Kimball,,United States,male,4.0,,2003–2004,2003.0,2004.0,37.09024,-95.712891,['https://www.famousbirthdays.com/people/scott-kimball.html']
503,Seito Sakakibara,Seito,Sakakibara,Schülermörder von Kobe,Japan,male,2.0,,1997,1997.0,1997.0,36.204824,138.252924,['https://criminalminds.fandom.com/wiki/Seito_Sakakibara']
504,Sergej Golovkin,Sergej,Golovkin,Die Boa,Russia,male,11.0,,1986–1992,1986.0,1992.0,61.52401,105.31875600000001,['https://en.wikipedia.org/wiki/Sergey_Golovkin']
505,Serhij Tkatsch,Serhij,Tkatsch,,,male,36.0,100,1984–2005,1984.0,2005.0,36.524606,-95.0294497,['https://en.wikipedia.org/wiki/Serhiy_Tkach']
506,Shawn Lester,Shawn,Lester,The West Virginia Sniper,United States,male,3.0,,2003,2003.0,2003.0,37.09024,-95.712891,Missing Data
507,Shelly Andre Brooks,Shelly,Andre Brooks,,United States,male,7.0,9,2001–2006,2001.0,2006.0,37.09024,-95.712891,['https://murderpedia.org/male.B/b/brooks-shelly-andre.htm']
508,Silvo Plut,Silvo,Plut,,Slovenia,male,3.0,,1990–2006,1990.0,2006.0,46.151241,14.995463,['http://bornglory.com/person.aspx?p=silvo-plut']
509,Simon Bingelhelm,Simon,Bingelhelm,,Germany,male,26.0,,?–1600,,1600.0,51.165690999999995,10.451526,['https://en.wikipedia.org/wiki/Simon_Bingelhelm']
510,Sipho Thwala,Sipho,Thwala,Phoenix Strangler,South Africa,male,16.0,19,1996–1997,1996.0,1997.0,-30.559482,22.937506,['https://en.wikipedia.org/wiki/Sipho_Thwala']
511,Sonny Pierce,Sonny,Pierce,Blue Island Serial Killer,United States,male,3.0,,2010–2011,2010.0,2011.0,37.09024,-95.712891,['https://chicago.suntimes.com/2020/9/11/21429106/justice-delays-cook-county-hallena-johnson-kiara-windom-homewood-sonny-pierce-serial-killings']
512,Stanislaw Modzelewski,Stanislaw,Modzelewski,,Poland,male,7.0,13,1950s ,,,51.919438,19.145135999999997,['https://en.wikipedia.org/wiki/Stanis%C5%82aw_Modzelewski']
513,Stella Elizabeth Williamson,Stella,Elizabeth Williamson,,United States,female,5.0,,1925–1932,1925.0,1932.0,37.09024,-95.712891,['https://murderpedia.org/female.W/w/williamson-stella.htm']
514,Stephan Letter,Stephan,Letter,Todesengel von Sonthofen,Germany,male,29.0,,2003–2004,2003.0,2004.0,51.165690999999995,10.451526,['https://en.wikipedia.org/wiki/Stephan_Letter']
515,Stephen Akinmurele,Stephen,Akinmurele,,United Kingdom,male,5.0,,1995–1998,1995.0,1998.0,55.378051,-3.435973,['https://murderpedia.org/male.A/a/akinmurele.htm']
516,Stephen Shaun Griffiths,Stephen,Shaun Griffiths,The Crossbow Cannibal,United Kingdom,male,3.0,,2009–2010,2009.0,2010.0,55.378051,-3.435973,['https://criminalminds.fandom.com/wiki/Stephen_Griffiths']
517,Stephen Wayne Anderson,Stephen,Wayne Anderson,,United States,male,8.0,,1970s–1980,,1980.0,37.09024,-95.712891,['https://en.wikipedia.org/wiki/Stephen_Wayne_Anderson']
518,Steven David Catlin,Steven,David Catlin,,United States,male,3.0,,1976–1984,1976.0,1984.0,37.09024,-95.712891,['https://en.wikipedia.org/wiki/Steven_David_Catlin']
519,Steven Gerald James Wright,Steven,Gerald James Wright,"The Suffolk Strangler, The Ipswich Ripper",United Kingdom,male,5.0,,2006,2006.0,2006.0,55.378051,-3.435973,['https://en.wikipedia.org/wiki/Steve_Wright_(serial_killer)']
520,Surender Koli,Surender,Koli,,India,male,4.0,,2005–2006[187],2005.0,2005.0,20.593684,78.96288,['https://murderpedia.org/male.K/k/koli-surender.htm']
521,Susan Atkins,Susan,Atkins,,United States,female,3.0,4,1969–?,1969.0,1969.0,37.09024,-95.712891,['https://www.famousbirthdays.com/people/susan-atkins.html']
522,Susan Diane Hendricks,Susan,Diane Hendricks,,United States,female,5.0,,2006–2011,2006.0,2011.0,37.09024,-95.712891,['https://murderpedia.org/female.H/h/hendricks-susan.htm']
523,Sylvester Mofokeng,Sylvester,Mofokeng,,South Africa,male,12.0,,1995,1995.0,1995.0,-30.559482,22.937506,['https://murderpedia.org/male.M/m/mofokeng-sylvester.htm']
524,Tammy Corbett,Tammy,Corbett,,United States,female,3.0,,1987–1989,1987.0,1989.0,37.09024,-95.712891,['https://murderpedia.org/female.C/c/corbett-tammy.htm']
525,Terry Blair,Terry,Blair,,United States,male,7.0,,1982–2004,1982.0,2004.0,37.09024,-95.712891,['https://en.wikipedia.org/wiki/Terry_Blair_(serial_killer)']
526,Theodore John Kaczynski,Theodore,John Kaczynski,Unabomber,United States,male,3.0,,1978–1995,1978.0,1995.0,37.09024,-95.712891,['https://en.wikipedia.org/wiki/Ted_Kaczynski']
527,Theodore Robert Bundy,Theodore,Robert Bundy,"The Campus Killer, The Charismatic Killer",United States,male,28.0,60,1974–1978,1974.0,1978.0,37.09024,-95.712891,['https://en.wikipedia.org/wiki/Ted_Bundy']
528,Thomas Holst,Thomas,Holst,Heidemörder,Germany,male,3.0,,1987–1990,1987.0,1990.0,51.165690999999995,10.451526,['https://deadorkicking.com/thomas-holst-dead-or-alive/']
529,Thomas Lee Dillon,Thomas,Lee Dillon,Monster of Pont-Rouge,United States,male,5.0,,1989–1992,1989.0,1992.0,37.09024,-95.712891,['https://murderpedia.org/male.D/d/dillonthomas.htm']
530,Thomas Lemke,Thomas,Lemke,,Germany,male,3.0,,1995–1996,1995.0,1996.0,51.165690999999995,10.451526,['https://buzzlearn.com/thomas-lemke/']
531,Thomas Neill Cream,Thomas,Neill Cream,,United Kingdom,male,8.0,,1876–1892,1876.0,1892.0,55.378051,-3.435973,['https://en.wikipedia.org/wiki/Thomas_Neill_Cream']
532,Thomas Rath,Thomas,Rath,Moormörder,Germany,male,4.0,,1981–1983,1981.0,1983.0,51.165690999999995,10.451526,['https://en.wikipedia.org/wiki/Tom_Rath']
533,Thomas Rung,Thomas,Rung,,Germany,male,7.0,,1983–1995,1983.0,1995.0,51.165690999999995,10.451526,['https://murderpedia.org/male.R/r/rung-thomas.htm']
534,Thomas Silverstein,Thomas,Silverstein,Terrible Tom,United States,male,3.0,4,1981–1983,1981.0,1983.0,37.09024,-95.712891,Missing Data
535,Thor Nis Christiansen,Thor,Nis Christiansen,,United States,male,4.0,,1976–1979,1976.0,1979.0,37.09024,-95.712891,['https://en.wikipedia.org/wiki/Thor_Nis_Christiansen']
536,Timothy Wayne Krajcir,Timothy,Wayne Krajcir,,United States,male,9.0,,1977–1982,1977.0,1982.0,37.09024,-95.712891,['https://en.wikipedia.org/wiki/Timothy_Krajcir']
537,Timothy Wilson Spencer,Timothy,Wilson Spencer,The Southside Strangler,United States,male,5.0,,1984–1987,1984.0,1987.0,37.09024,-95.712891,['https://murderpedia.org/male.S/s1/spencer-timothy-wilson.htm']
538,Tonatihu Aguilar,Tonatihu,Aguilar,,United States,male,3.0,,1996,1996.0,1996.0,37.09024,-95.712891,['https://murderpedia.org/male.A/a/aguilar-tonatihu.htm']
539,Tsutomu Miyazaki,Tsutomu,Miyazaki,Otaku-Mörder,Japan,male,4.0,,1988–1989,1988.0,1989.0,36.204824,138.252924,['https://en.wikipedia.org/wiki/Tsutomu_Miyazaki']
540,Ulrich Schmidt,Ulrich,Schmidt,Feiertagsmörder,Germany,male,5.0,,1987–1989,1987.0,1989.0,51.165690999999995,10.451526,Missing Data
541,Václav Mrázek,Václav,Mrázek,,Czechoslovakia,male,7.0,,?–1957,,1957.0,14.480370800000001,121.03901780000001,['https://murderpedia.org/male.M/m/mrazek-vaclav.htm']
542,Valery Asratyan,Valery,Asratyan,,Russia,male,2.0,3,1988–1990,1988.0,1990.0,61.52401,105.31875600000001,['https://en.wikipedia.org/wiki/Valery_Asratyan']
543,Vaughn Greenwood,Vaughn,Greenwood,The Skid Row Slayer,United States,male,10.0,11,1974–1975,1974.0,1975.0,37.09024,-95.712891,['https://happyhappybirthday.net/en/age/vaughn-greenwood-person_seslgag']
544,Velma Margie Barfield,Velma,Margie Barfield,,United States,female,5.0,,1971–1978,1971.0,1978.0,37.09024,-95.712891,['https://en.wikipedia.org/wiki/Velma_Barfield']
545,Vera Renczi,Vera,Renczi,,Romania,female,35.0,,1920s–1930s ,,,45.943160999999996,24.96676,['https://en.wikipedia.org/wiki/Vera_Renczi']
546,Vernon Brown,Vernon,Brown,,United States,male,3.0,5+,1980–1986,1980.0,1986.0,37.09024,-95.712891,['https://en.wikipedia.org/wiki/Vernon_Brown_(musician)']
547,Vernon Lee Clark,Vernon,Lee Clark,,United States,male,3.0,6,1979–1989,1979.0,1989.0,37.09024,-95.712891,['https://murderpedia.org/male.C/c/clark-vernon-lee.htm']
548,Vickie Dawn Jackson,Vickie,Dawn Jackson,,United States,female,10.0,10+,2000–2001,2000.0,2001.0,37.09024,-95.712891,['https://murderpedia.org/female.J/j/jackson-vickie-dawn.htm']
549,Vincent Johnson,Vincent,Johnson,The Brooklyn Strangler,United States,male,5.0,6,1999–2000,1999.0,2000.0,37.09024,-95.712891,['https://en.wikipedia.org/wiki/Vincent_Johnson']
550,Vinko Pintarić,Vinko,Pintarić,Zagorski Čaruga,Yugoslavia,male,5.0,,1973–1991,1973.0,1991.0,32.636499300000004,-115.52287340000002,['https://en.wikipedia.org/wiki/Vinko_Pintari%C4%87']
551,Vladimir Bratislav,Vladimir,Bratislav,The Beast of Lysva,Russia,male,30.0,30+,1997–1998,1997.0,1998.0,61.52401,105.31875600000001,['https://murderpedia.org/male.B/b/bratislav-vladimir.htm']
552,Volker Eckert,Volker,Eckert,,Germany,male,9.0,13,1974–2006,1974.0,2006.0,51.165690999999995,10.451526,['https://en.wikipedia.org/wiki/Volker_Eckert']
553,Wassili Iwanowitsch Komarow,Wassili,Iwanowitsch Komarow,Der Wolf von Moskau,Russia,male,33.0,,1921–1923,1921.0,1923.0,61.52401,105.31875600000001,['https://de.wikipedia.org/wiki/Wassili_Iwanowitsch_Komarow']
554,Wayne Adam Ford,Wayne,Adam Ford,,United States,male,4.0,,1997–1998,1997.0,1998.0,37.09024,-95.712891,['https://en.wikipedia.org/wiki/Wayne_Adam_Ford']
555,Wayne Clifford Boden,Wayne,Clifford Boden,The Vampire Rapist,Canada,male,5.0,,1986,1986.0,1986.0,56.130366,-106.34677099999999,['https://en.wikipedia.org/wiki/Wayne_Boden']
556,Werner Ferrari,Werner,Ferrari,,Switzerland,male,5.0,,1971–1989,1971.0,1989.0,46.818188,8.227511999999999,['https://en.wikipedia.org/wiki/Werner_Ferrari']
557,Werner Kniesek,Werner,Kniesek,,Austria,male,4.0,,1972–1980,1972.0,1980.0,47.516231,14.550072,['https://en.wikipedia.org/wiki/Werner_Kniesek']
558,Werner Pinzner,Werner,Pinzner,St.-Pauli-Killer,Germany,male,7.0,10,1984–1986,1984.0,1986.0,51.165690999999995,10.451526,Missing Data
559,Westley Allan Dodd,Westley,Allan Dodd,,United States,male,3.0,,1989,1989.0,1989.0,37.09024,-95.712891,['https://en.wikipedia.org/wiki/Westley_Allan_Dodd']
560,Willi Kimmritz,Willi,Kimmritz,Schrecken der brandenburgischen Wälder,Germany,male,4.0,,1946–1948,1946.0,1948.0,51.165690999999995,10.451526,['https://en.wikipedia.org/wiki/Willi_Kimmritz']
561,William Bracy,William,Bracy,,United States,male,5.0,,1980,1980.0,1980.0,37.09024,-95.712891,['https://murderpedia.org/male.B/b/bracy-william.htm']
562,William Dale Archerd,William,Dale Archerd,,United States,male,3.0,6,1956–1966,1956.0,1966.0,37.09024,-95.712891,['https://murderpedia.org/male.A/a/archerd-william-dale.htm']
563,William Dean Christenson,William,Dean Christenson,A real American Jack the Ripper,Canada,male,4.0,4+,1981–1982,1981.0,1982.0,56.130366,-106.34677099999999,['https://murderpedia.org/male.C/c/christenson--william-dean.htm']
564,William George Bonin,William,George Bonin,The Freeway Killer,United States,male,14.0,36,1979–1980,1979.0,1980.0,37.09024,-95.712891,['https://en.wikipedia.org/wiki/William_Bonin']
565,William Heirens,William,Heirens,,United States,male,3.0,,1945–1946,1945.0,1946.0,37.09024,-95.712891,['https://www.famousbirthdays.com/people/william-heirens.html']
566,William Lester Suff,William,Lester Suff,"Riverside Prostitute Killer, Lake Elsinore Killer",United States,male,12.0,22,1974–1992,1974.0,1992.0,37.09024,-95.712891,['https://en.wikipedia.org/wiki/William_Suff']
567,William MacDonald,William,MacDonald,The Mutilator,Australia,male,5.0,,1961–1963,1961.0,1963.0,-25.274398,133.775136,['https://www.famousbirthdays.com/people/william-macdonald.html']
568,William Patrick Fyfe,William,Patrick Fyfe,,Canada,male,5.0,9,1979–1999,1979.0,1999.0,56.130366,-106.34677099999999,['https://en.wikipedia.org/wiki/William_Patrick_Fyfe']
569,Władysław Mazurkiewicz,Władysław,Mazurkiewicz,The Gentleman Killer,Poland,male,30.0,,1940–1956,1940.0,1956.0,51.919438,19.145135999999997,Missing Data
570,Wolfgang Ott,Wolfgang,Ott,,Austria,male,2.0,4,1995,1995.0,1995.0,47.516231,14.550072,Missing Data
571,Wolfgang Schmidt,Wolfgang,Schmidt,"Rosa Riese, Bestie von Beelitz",Germany,male,6.0,,1989–1991,1989.0,1991.0,51.165690999999995,10.451526,['https://www.facebook.com/vitsoe/posts/happy-birthday-wolfgang-schmidt-our-graphic-designer-for-over-30-years-would-hav/10155011200286234/']
572,Yang Xinhai,Yang,Xinhai,,China,male,67.0,,1999–2003,1999.0,2003.0,35.86166,104.195397,['https://en.wikipedia.org/wiki/Yang_Xinhai']
573,Yoo Young-chul,Yoo,Young-chul,,South Korea,male,20.0,21,2003–2004,2003.0,2004.0,35.907757000000004,127.766922,['https://criminalminds.fandom.com/wiki/Yoo_Young-chul']
574,Zdzisław Marchwicki,Zdzisław,Marchwicki,Zagłębie Vampire,Poland,male,21.0,,1964–1970,1964.0,1970.0,51.919438,19.145135999999997,Missing Data
575,Zhang Yongming,Zhang,Yongming,,China,male,11.0,,2008–2012,2008.0,2012.0,35.86166,104.195397,['https://en.wikipedia.org/wiki/Zhang_Yongming']
